geni_id	qid	sv_title	in_corpus	found_in
6000000006127120304	Q5914181	Otto Reinhold Klingspor	no	
6000000006127120320	Q5914160	Fredric Philip Klingspor	no	
6000000006127570851	Q6175928	Aron Gustaf Silfversparre	no	
6000000006127732217	Q5542622	Johan Adelswärd	no	
6000000006127899214	Q805827	Baltzar von Platen (1898–1984)	no	
6000000006429643351	Q364270	Gustaf de Laval	no	
6000000006713354346	Q185832	Emanuel Swedenborg	no	
6000000007306021857	Q5040378	Carl Jesper Benzelius	no	
6000000007510100335	Q6175942	David Wilhelm Silfverstolpe	no	
6000000007858436950	Q6218068	Carl Petter Törnebladh	no	
6000000008403251632	Q362485	Sten Carl Bielke	no	
6000000008496890943	Q473225	Georg Brandt	no	
6000000008605117809	Q16650516	Mikael von Törne (1726–1796)	no	
6000000008605294394	Q16650517	Mikael von Törne (1775–1854)	no	
6000000008779183401	Q5913812	Axel Leonhard Klinckowström	no	
6000000008831013351	Q5790728	Gustaf Harmens	no	
6000000008979441405	Q5724521	Christopher Falkengréen	no	
6000000009217333438	Q546949	Malla Silfverstolpe	no	
6000000009718220062	Q5584506	Magnus Brahe (1790–1844)	no	
6000000010039794573	Q329253	Henning Mankell (tonsättare)	no	
6000000010837141342	Q821990	Christopher Jacob Boström	no	
6000000011593945394	Q5570931	Lars Benzelstierna (biskop)	no	
6000000011634551625	Q6092404	August Sandels	no	
6000000011700742344	Q3462736	Samuel Gustaf Hermelin	no	
6000000012597002570	Q5930909	Carl Lagerbring	no	
6000000012942583482	Q10480021	Edvard Fredrik von Saltza	no	
6000000013173880845	Q4945900	Helena Maria Ehrenstråhle	no	
6000000013173980231	Q5959480	Jonas Carl Linnerhielm	no	
6000000013286633067	Q3946660	Samuel af Ugglas	no	
6000000014032409455	Q16650430	Pehr Gustaf Svedelius	no	
6000000018252392646	Q217044	Franz Berwald	no	
6000000018254235320	Q5574572	August Berwald	no	
6000000018625012640	Q5983613	Daniel Melanderhjelm	no	
6000000018736511969	Q10511031	Gustaf von Essen (1803–1874)	no	
6000000019324978972	Q6175945	Fredrik Otto Silfverstolpe	no	
6000000019327213179	Q16650429	Pehr Svedelius	no	
6000000019361833914	Q6197780	Wilhelm Erik Svedelius	no	
6000000019659798123	Q5792035	August von Hartmansdorff	no	
6000000019777574162	Q5818420	Israel Hwasser	no	
6000000019898891222	Q5916153	Anders Erik Knös	no	
6000000020128505901	Q5745627	Berge Frondin	no	
6000000020865415341	Q5580892	Fredrik Boije	no	
6000000021334420003	Q5955392	Johan Anders Linder	no	
6000000021500080690	Q4225027	Olof Andersson Knös	no	
6000000021501491188	Q5916189	Gustaf Knös	no	
6000000026092005226	Q135513404	Roland Martin (jurist)	no	
6000000026306044337	Q6092385	Gösta Sandels (konstnär)	no	
6000000026434836045	Q6066129	Johan Martin Reftelius	no	
6000000033257118889	Q524071	Peter Artedi	no	
6000000036292089942	Q6092396	Karl Sandels	no	
6000000078709755794	Q2021113	Olof Broman	no	
6000000138783072822	Q16945169	Mårten Bunge (1764–1815)	no	
6000000172119806833	Q5622753	Daniel Djurberg (geograf)	no	
1386522	Q5978038	Roland Martin (medicinare)	yes	merged tree
1551393	Q469962	Sophie Piper	yes	merged tree
1552522	Q6235986	Carl Gustaf Wennerstedt	yes	merged tree
311815313480004654	Q16649960	Olof Nauclér	yes	merged tree
342032974900007076	Q6330080	Elof Steuch	yes	exports/bure-campaign/export-Forest-6000000227469177824.ged
344146815060011563	Q4830275	Axel Gustaf Gyllenkrok	yes	exports/bure-campaign/export-Forest-6000000227469177824.ged
4983826543490109811	Q6045829	Thore Petre	yes	merged tree
5105724209600128719	Q5773287	Samuel Andreæ Grubb	yes	merged tree
5580434788100067215	Q2361145	Carl Reinhold Sahlberg	yes	exports/bure-campaign/export-Forest-6000000227469393830.ged
6000000000047165787	Q2415388	Carl Gustaf Mannerheim	yes	merged tree
6000000000047190401	Q5975022	Lars Augustin Mannerheim	yes	merged tree
6000000000047267273	Q1814297	Carl Erik Mannerheim	yes	merged tree
6000000000122049006	Q1036858	Carl August Ehrensvärd (1745–1800)	yes	merged tree
6000000000404695772	Q4972997	Christina Piper	yes	merged tree
6000000000446956140	Q593706	Nils Nordenskiöld	yes	exports/bure-campaign/export-Forest-6000000227469461989.ged
6000000000839941745	Q156749	Adolf Erik Nordenskiöld	yes	exports/bure-campaign/export-Forest-6000000227469461989.ged
6000000000840156453	Q6190771	Emil Stjernvall-Walleen	yes	merged tree
6000000000909345046	Q2575818	Robert Henrik Rehbinder	yes	exports/bure-campaign/export-Forest-6000000227472057910.ged
6000000001005202384	Q333297	Frans Michael Franzén	yes	merged tree
6000000001208426544	Q6057321	Olof Pryss	yes	exports/bure-campaign/export-Forest-6000000227469393830.ged
6000000001218533012	Q26405863	Olof Bure	yes	merged tree
6000000001502447400	Q5548897	Gregorius Aminoff (1788–1847)	yes	merged tree
6000000001515418125	Q455071	Axel von Fersen	yes	merged tree
6000000001609127338	Q6014779	Otto Henrik Nordenskjöld	yes	merged tree
6000000001720825110	Q16650163	Samuel Pryss	yes	merged tree
6000000001801755169	Q5575607	Nils Adam Bielke	yes	merged tree
6000000001801796027	Q5575580	Gustaf Thure Bielke	yes	exports/bure-campaign/export-Forest-6000000227471944047.ged
6000000001865040777	Q490870	Anders Chydenius	yes	merged tree
6000000001883008064	Q6161733	Carl Fredrik Piper (1700–1770)	yes	merged tree
6000000002142697033	Q19976400	Abraham Burensund	yes	merged tree
6000000002309876747	Q6145888	Georg Ludvig von Köhler	yes	merged tree
6000000002309876767	Q19721217	Salomon von Köhler	yes	merged tree
6000000002567020255	Q1345250	Petrus Kenicius	yes	merged tree
6000000002797432088	Q456456	Mattias Steuchius	yes	merged tree
6000000002811012188	Q943803	Uno von Troil	yes	merged tree
6000000002933418844	Q6218214	Michael Törnflycht	yes	merged tree
6000000003110778492	Q10608167	Olaus Petri Niurenius	yes	merged tree
6000000003374922780	Q16650154	Ericus Olai Plantin	yes	merged tree
6000000003579020143	Q4157020	Magnus Julius De la Gardie	yes	merged tree
6000000003580303855	Q6082455	Thure Gustaf Rudbeck (1714–1786)	yes	merged tree
6000000003694920477	Q5618759	Adam Carl De la Gardie	yes	merged tree
6000000003748326674	Q2478781	Adolf Fredrik Munck	yes	exports/bure-campaign/export-Forest-6000000227472157986.ged
6000000003770432103	Q5783613	Engelbert Halenius	yes	merged tree
6000000003966342388	Q16165489	Abraham Laurentii Burman	yes	merged tree
6000000004032037913	Q3655969	Anders Bure	yes	merged tree
6000000004032591603	Q5590143	Jonas Bure	yes	merged tree
6000000004138124294	Q900478	Wilhelm Hisinger	yes	exports/bure-campaign/export-Forest-6000000227472434852.ged
6000000004310057362	Q6070068	Fredrik Ribbing	yes	merged tree
6000000004334763223	Q633094	Johannes Bureus	yes	merged tree
6000000004396685338	Q2471654	Aurora Karamzin	yes	merged tree
6000000004594967673	Q6188777	Arvid Nils Stenbock	yes	exports/bure-campaign/export-Forest-6000000227472483865.ged
6000000005087238866	Q5735890	Arvid Forbus	yes	merged tree
6000000006127108986	Q2624238	Mauritz Klingspor	yes	merged tree
6000000006127120913	Q5580888	Erik Gustaf Johansson Boije	yes	merged tree
6000000006127346098	Q6184934	Eric Samuel Sparre	yes	merged tree
6000000006127453696	Q5898100	Pehr Kalling	yes	exports/bure-campaign/export-Forest-6000000227468650841.ged
6000000006127523477	Q5618770	Carl Julius De la Gardie	yes	merged tree
6000000006127523492	Q2075113	Hedvig Ulrika De la Gardie	yes	merged tree
6000000006127523501	Q543935	Gustaf Mauritz Armfelt	yes	merged tree
6000000006127526943	Q6079648	Nils Rosenblad (1749–1827)	yes	exports/bure-campaign/export-Forest-6000000227469177824.ged
6000000006127529349	Q2965864	Charlotte Cederström	yes	merged tree
6000000006127542348	Q6001555	Carl Claes Mörner	yes	merged tree
6000000006127550611	Q6001608	Hampus Mörner	yes	merged tree
6000000006127557446	Q5802518	Johan von Hermansson	yes	exports/bure-campaign/export-Forest-6000000227469177824.ged
6000000006127570365	Q19828095	Carl Mörner (1792–1870)	yes	exports/bure-campaign/export-Forest-6000000227469177824.ged
6000000006127657041	Q5813639	Claes Fredrik Horn af Åminne (1791–1865)	yes	merged tree
6000000006127732174	Q19975889	Fredrik August Adelswärd	yes	exports/bure-campaign/export-Forest-6000000227472157986.ged
6000000006127817165	Q5587236	Carl Johan Gyllenborg	yes	merged tree
6000000006127907129	Q6079637	Elof Rosenblad	yes	exports/bure-campaign/export-Forest-6000000227469177824.ged
6000000006127907767	Q5618813	Ulrik Gustaf De la Gardie	yes	merged tree
6000000006127951020	Q5807136	Vilhelm Hising	yes	merged tree
6000000006127985923	Q5580703	Carl Julius Bernhard von Bohlen	yes	merged tree
6000000006128046380	Q5802535	Matthias von Hermansson	yes	exports/bure-campaign/export-Forest-6000000227469177824.ged
6000000006128111121	Q4569362	Mathias Rosenblad	yes	exports/bure-campaign/export-Forest-6000000227469177824.ged
6000000006329684570	Q4945294	Ulrika Eleonora von Düben	yes	exports/bure-campaign/export-Forest-6000000227469177824.ged
6000000006645210002	Q1340357	Jacob Benzelius	yes	merged tree
6000000006645331010	Q1340404	Erik Benzelius den yngre	yes	merged tree
6000000006718066339	Q1393227	Eva Ekeblad	yes	merged tree
6000000006776755330	Q5568857	Daniel Behmer	yes	merged tree
6000000006782861172	Q5570928	Lars Benzelstierna (mineralog)	yes	merged tree
6000000006783102821	Q6158199	Erik Odelstierna (1661–1704)	yes	merged tree
6000000006783257558	Q19631563	Erik Odelström	yes	merged tree
6000000006979041910	Q5561270	Matthias Asp	yes	exports/bure-campaign/export-Forest-6000000227469177824.ged
6000000007014532346	Q2040261	Otto Reinhold Strömfelt	yes	merged tree
6000000007025966290	Q5562579	Magnus Aurivillius	yes	merged tree
6000000007026278130	Q5613434	Börje Cronberg	yes	merged tree
6000000007160673211	Q5930987	Carl Otto Lagercrantz	yes	merged tree
6000000007247592424	Q5570926	Gustaf Benzelstierna	yes	merged tree
6000000007247681864	Q692994	Henric Benzelius	yes	merged tree
6000000007277919295	Q5590194	Nils Burensköld	yes	merged tree
6000000007285499105	Q5813616	Adam Horn af Ekebyholm	yes	merged tree
6000000007293370456	Q5542574	Johan Fredric Adelheim	yes	merged tree
6000000007318765242	Q5562598	Samuel Aurivillius	yes	merged tree
6000000007400284855	Q6170263	Fredrik Bogislaus von Schwerin	yes	merged tree
6000000007400320991	Q10418965	Arvid Sigismund Horn af Åminne	yes	merged tree
6000000007441921037	Q6206425	Per Reinhold Tersmeden (1751–1842)	yes	merged tree
6000000007442688545	Q1168365	Samuel Troilius	yes	merged tree
6000000007464308710	Q5779125	Nils Gyldenstolpe (1799–1864)	yes	exports/bure-campaign/export-Forest-6000000227471944047.ged
6000000007511893155	Q5960165	Carolus Lithman	yes	merged tree
6000000007512032119	Q11858191	Eric af Palén	yes	merged tree
6000000007548029494	Q2490612	Johan Graan	yes	merged tree
6000000007548228373	Q5757435	Martinus Gestrinius	yes	merged tree
6000000007675721719	Q5605668	Petrus Cederschiöld	yes	merged tree
6000000007675744536	Q6229400	Elias von Walcker	yes	merged tree
6000000007680468910	Q5626148	Carl Wilhelm von Düben	yes	exports/bure-campaign/export-Forest-6000000227469177824.ged
6000000007753195350	Q4944366	Charlotta Aurora De Geer	yes	exports/bure-campaign/export-Forest-6000000227471944047.ged
6000000007755528298	Q108615842	Mårten Bunge (1630–1694)	yes	merged tree
6000000007756041590	Q4941089	Catharina Bröms	yes	merged tree
6000000007814473860	Q19977201	Jakob Törnsköld	yes	merged tree
6000000007885223091	Q5959493	Jonas Petri Linnerius	yes	merged tree
6000000007900343922	Q4355686	August Nordenskiöld	yes	merged tree
6000000007985537209	Q6082697	Torsten Rudenschöld	yes	merged tree
6000000008260592602	Q5823030	Carl Gustaf Indebetou	yes	merged tree
6000000008331521234	Q5754581	Bengt Reinhold Geijer	yes	merged tree
6000000008390619113	Q1527696	Carl Aurivillius	yes	merged tree
6000000008394576487	Q16649477	Nicolaus Jacobi Bothniensis	yes	merged tree
6000000008649644785	Q4973002	Stina Piper	yes	merged tree
6000000008649800582	Q6185927	Jakob Wilhelm Sprengtporten	yes	exports/bure-campaign/export-Forest-6000000227469177824.ged
6000000008649822236	Q352296	Magnus Fredrik Brahe	yes	merged tree
6000000008650533822	Q19860752	Carl Harald Strömfelt	yes	merged tree
6000000008650680292	Q6193512	Fredrik Georg Strömfelt	yes	merged tree
6000000008778922864	Q3129338	Hedda von Fersen	yes	merged tree
6000000008778928032	Q19312912	Fabian von Fersen (1762–1818)	yes	merged tree
6000000008780306729	Q5706932	Claes Julius Ekeblad	yes	merged tree
6000000008820838686	Q5618766	Axel Gabriel De la Gardie	yes	merged tree
6000000008887558053	Q5931099	Israël Lagerfelt (1754–1821)	yes	merged tree
6000000008890203139	Q19976679	Otto Johan Lagerfelt	yes	merged tree
6000000008890247904	Q5931081	Gustaf Adolf Lagerfelt	yes	merged tree
6000000008897593297	Q1648141	Adolph Ribbing	yes	merged tree
6000000008943401649	Q4992085	Lars von Engeström	yes	merged tree
6000000008988776807	Q6034157	Otto Palmstierna	yes	merged tree
6000000009190508789	Q5585470	Johan Brauner (1712–1773)	yes	exports/bure-campaign/export-Forest-6000000227469177824.ged
6000000009366671365	Q27863581	Johan Carl Strömfelt	yes	merged tree
6000000009401515923	Q5542628	Erik Göran Adelswärd	yes	exports/bure-campaign/export-Forest-6000000227472157986.ged
6000000009585266046	Q6240337	Per Henrik Widmark	yes	merged tree
6000000009726668887	Q5542632	Erik Reinhold Adelswärd	yes	exports/bure-campaign/export-Forest-6000000227472157986.ged
6000000009785836259	Q930758	Carl von Rosenstein	yes	merged tree
6000000009855557161	Q6080164	Nils von Rosenstein	yes	exports/bure-campaign/export-Forest-6000000227469177824.ged
6000000009889929969	Q6166560	Åke Rålamb	yes	merged tree
6000000010230616079	Q5589950	Jakob Bunge	yes	merged tree
6000000010894303789	Q6184896	Carl Georg Sparre	yes	exports/bure-campaign/export-Forest-6000000227471944047.ged
6000000011116437821	Q719983	Johan Ihre	yes	merged tree
6000000011182671903	Q4989142	Eva Löwen	yes	merged tree
6000000011370804802	Q5797554	Detlof Heijkenskjöld den yngre	yes	exports/bure-campaign/export-Forest-6000000227472157986.ged
6000000011399399424	Q6001589	Carl Stellan Mörner	yes	merged tree
6000000011532511759	Q5807131	Mikael Hising	yes	merged tree
6000000011536457635	Q5580881	Carl Gustaf Boije	yes	merged tree
6000000011539184038	Q3450190	Johan Hisinger	yes	merged tree
6000000011637024489	Q717179	Arvid Horn	yes	merged tree
6000000011724781475	Q5772271	Nils Gripenhielm	yes	merged tree
6000000012044161205	Q6175446	Anders Sidner (musiker)	yes	merged tree
6000000012056738350	Q6218220	Olof Törnflycht	yes	merged tree
6000000012056862710	Q16596199	Hedvig Sofia von Rosen	yes	exports/bure-campaign/export-Forest-6000000227472483865.ged
6000000012069920227	Q333651	Henrik Gabriel Porthan	yes	exports/bure-campaign/export-Forest-6000000227472057910.ged
6000000012159725691	Q5618800	Pontus Fredrik De la Gardie	yes	merged tree
6000000012526829690	Q16165426	Catharina Burea	yes	merged tree
6000000012617406308	Q657814	Hans Henric von Essen (1755–1824)	yes	exports/bure-campaign/export-Forest-6000000227471944047.ged
6000000012648547676	Q3428167	Olof Kolmodin den äldre	yes	merged tree
6000000012734454230	Q4993033	Carl Gustaf Nordin	yes	merged tree
6000000012736122012	Q6015181	Carl Johan af Nordin	yes	merged tree
6000000013020967973	Q16649958	Johan Otto Nauckhoff	yes	exports/bure-campaign/export-Forest-6000000227468650841.ged
6000000013143783109	Q6079275	Gustaf Fredrik von Rosen (1758–1815)	yes	exports/bure-campaign/export-Forest-6000000227472483865.ged
6000000013175221906	Q6206421	Lars Gustaf Tersmeden	yes	merged tree
6000000013175234469	Q6206408	Jacob Johan Tersmeden	yes	merged tree
6000000013296288034	Q763053	Henning Adolf Gyllenborg	yes	merged tree
6000000013400608577	Q6206392	Fredrik Tersmeden (militär)	yes	merged tree
6000000013400675492	Q6255155	Gustaf Fredrik Åkerhielm	yes	exports/bure-campaign/export-Forest-6000000227471944047.ged
6000000013400741602	Q5951795	Johan Wilhelm Liljencrantz	yes	merged tree
6000000013400899375	Q5951779	Johan Liljencrantz	yes	merged tree
6000000015119243250	Q6079124	Axel von Rosen	yes	merged tree
6000000016586458365	Q4944381	Brita Sophia De la Gardie	yes	merged tree
6000000017424989989	Q16945159	Nils Abraham Bruncrona	yes	exports/bure-campaign/export-Forest-6000000227469177824.ged
6000000017425518359	Q6060365	Olof Ingelsson Rabenius	yes	exports/bure-campaign/export-Forest-6000000227469177824.ged
6000000017986416972	Q4953277	Margaretha Heijkenskjöld	yes	exports/bure-campaign/export-Forest-6000000227472157986.ged
6000000017999766001	Q792307	Axel Otto Mörner	yes	merged tree
6000000019149843256	Q5605565	Germund Ludvig Cederhielm	yes	merged tree
6000000019271045023	Q5628179	Pehr von Ehrenheim	yes	merged tree
6000000019273184653	Q932770	Gustaf von Paykull	yes	merged tree
6000000019344206446	Q5725105	Eric Michael Fant	yes	merged tree
6000000019584518841	Q490686	Anders Abraham Grafström	yes	merged tree
6000000020086878142	Q5605651	Fredrik Johan Cederschiöld	yes	exports/bure-campaign/export-Forest-6000000227469461989.ged
6000000020584191181	Q4938400	Charlotta Berger	yes	merged tree
6000000020982846787	Q593496	Anton Rolandsson Martin	yes	merged tree
6000000020984646082	Q5977879	Hugo Martin	yes	merged tree
6000000023896755915	Q6060350	Lars Georg Rabenius	yes	exports/bure-campaign/export-Forest-6000000227469177824.ged
6000000024166897841	Q5822415	Albrecht Ihre	yes	merged tree
6000000024594396398	Q5590212	Laurentius Bureus	yes	merged tree
6000000025022974646	Q2694124	Albrecht Elof Ihre	yes	exports/bure-campaign/export-Forest-6000000227469177824.ged
6000000026433911361	Q5590407	Eric Burman	yes	merged tree
6000000038458872253	Q5547967	Eric Alstrin	yes	exports/bure-campaign/export-Forest-6000000227469177824.ged
6000000042115980532	Q4976863	Stina Sandels	yes	merged tree
6000000044151433054	Q4989818	Ulrika Strömfelt	yes	exports/bure-campaign/export-Forest-6000000227469461989.ged
6000000044191693814	Q5976894	Gabriel Marklin	yes	merged tree
6000000050931739847	Q14554945	Robert Magnus von Rosen	yes	exports/bure-campaign/export-Forest-6000000227472483865.ged
6000000054235169012	Q5698210	Samuel Chydenius	yes	merged tree
6000000070658376932	Q5702986	Carl Olof Delldén	yes	merged tree
6000000078585591829	Q5819456	Zacharias Hæggström	yes	exports/bure-campaign/export-Forest-6000000227469177824.ged
6000000107274459226	Q5773252	Lars Grubbe	yes	merged tree
