qid	geni_id	clan_han	place_han	clan	place	sex	mul	en	nb	da	sv	de	nl	es	it	pt	ca
Q10864996	6000000074750446079	李	隴西狄道	Li	Longxi Didao	F	NN	woman of the Li clan, from Longxi Didao	kvinne av Li-slekten, fra Longxi Didao	kvinde af Li-slægten, fra Longxi Didao	kvinna av Li-ätten, från Longxi Didao	Frau des Klans Li, aus Longxi Didao	vrouw van de Li-clan, uit Longxi Didao	mujer del clan Li, de Longxi Didao	donna del clan Li, da Longxi Didao	mulher do clã Li, de Longxi Didao	dona del clan Li, de Longxi Didao
Q10881168	6000000074749816694	李	隴西狄道	Li	Longxi Didao	F	NN	woman of the Li clan, from Longxi Didao	kvinne av Li-slekten, fra Longxi Didao	kvinde af Li-slægten, fra Longxi Didao	kvinna av Li-ätten, från Longxi Didao	Frau des Klans Li, aus Longxi Didao	vrouw van de Li-clan, uit Longxi Didao	mujer del clan Li, de Longxi Didao	donna del clan Li, da Longxi Didao	mulher do clã Li, de Longxi Didao	dona del clan Li, de Longxi Didao
Q11064679	6000000074750029536	李	隴西狄道	Li	Longxi Didao	F	NN	woman of the Li clan, from Longxi Didao	kvinne av Li-slekten, fra Longxi Didao	kvinde af Li-slægten, fra Longxi Didao	kvinna av Li-ätten, från Longxi Didao	Frau des Klans Li, aus Longxi Didao	vrouw van de Li-clan, uit Longxi Didao	mujer del clan Li, de Longxi Didao	donna del clan Li, da Longxi Didao	mulher do clã Li, de Longxi Didao	dona del clan Li, de Longxi Didao
Q11098137	6000000075335027115	李	河南府	Li	Henan Prefecture	M	NN	man of the Li clan, from Henan Prefecture	mann av Li-slekten, fra Henan Prefecture	mand af Li-slægten, fra Henan Prefecture	man av Li-ätten, från Henan Prefecture	Mann des Klans Li, aus Henan Prefecture	man van de Li-clan, uit Henan Prefecture	hombre del clan Li, de Henan Prefecture	uomo del clan Li, da Henan Prefecture	homem do clã Li, de Henan Prefecture	home del clan Li, de Henan Prefecture
Q11110062	6000000048526958843	柳	河東解縣	Liu	Hedong Jiexian	M	NN	man of the Liu clan, from Hedong Jiexian	mann av Liu-slekten, fra Hedong Jiexian	mand af Liu-slægten, fra Hedong Jiexian	man av Liu-ätten, från Hedong Jiexian	Mann des Klans Liu, aus Hedong Jiexian	man van de Liu-clan, uit Hedong Jiexian	hombre del clan Liu, de Hedong Jiexian	uomo del clan Liu, da Hedong Jiexian	homem do clã Liu, de Hedong Jiexian	home del clan Liu, de Hedong Jiexian
Q11180129	6000000074750574934	李	隴西狄道	Li	Longxi Didao	F	NN	woman of the Li clan, from Longxi Didao	kvinne av Li-slekten, fra Longxi Didao	kvinde af Li-slægten, fra Longxi Didao	kvinna av Li-ätten, från Longxi Didao	Frau des Klans Li, aus Longxi Didao	vrouw van de Li-clan, uit Longxi Didao	mujer del clan Li, de Longxi Didao	donna del clan Li, da Longxi Didao	mulher do clã Li, de Longxi Didao	dona del clan Li, de Longxi Didao
Q15954845	6000000074750788964	李		Li		F	NN	woman of the Li clan	kvinne av Li-slekten	kvinde af Li-slægten	kvinna av Li-ätten	Frau des Klans Li	vrouw van de Li-clan	mujer del clan Li	donna del clan Li	mulher do clã Li	dona del clan Li
Q16603665	6000000074750574043	李	隴西狄道	Li	Longxi Didao	F	NN	woman of the Li clan, from Longxi Didao	kvinne av Li-slekten, fra Longxi Didao	kvinde af Li-slægten, fra Longxi Didao	kvinna av Li-ätten, från Longxi Didao	Frau des Klans Li, aus Longxi Didao	vrouw van de Li-clan, uit Longxi Didao	mujer del clan Li, de Longxi Didao	donna del clan Li, da Longxi Didao	mulher do clã Li, de Longxi Didao	dona del clan Li, de Longxi Didao
Q18908886	6000000074759676131	韋	京兆杜陵	Wei	Jingzhao Duling	M	NN	man of the Wei clan, from Jingzhao Duling	mann av Wei-slekten, fra Jingzhao Duling	mand af Wei-slægten, fra Jingzhao Duling	man av Wei-ätten, från Jingzhao Duling	Mann des Klans Wei, aus Jingzhao Duling	man van de Wei-clan, uit Jingzhao Duling	hombre del clan Wei, de Jingzhao Duling	uomo del clan Wei, da Jingzhao Duling	homem do clã Wei, de Jingzhao Duling	home del clan Wei, de Jingzhao Duling
Q45420125	6000000074736012954	權	秦州清水	Quan	Qinzhou Qingshui	M	NN	man of the Quan clan, from Qinzhou Qingshui	mann av Quan-slekten, fra Qinzhou Qingshui	mand af Quan-slægten, fra Qinzhou Qingshui	man av Quan-ätten, från Qinzhou Qingshui	Mann des Klans Quan, aus Qinzhou Qingshui	man van de Quan-clan, uit Qinzhou Qingshui	hombre del clan Quan, de Qinzhou Qingshui	uomo del clan Quan, da Qinzhou Qingshui	homem do clã Quan, de Qinzhou Qingshui	home del clan Quan, de Qinzhou Qingshui
Q45421489	6000000075343735214	崔	深州安平	Cui	Shenzhou Anping	M	NN	man of the Cui clan, from Shenzhou Anping	mann av Cui-slekten, fra Shenzhou Anping	mand af Cui-slægten, fra Shenzhou Anping	man av Cui-ätten, från Shenzhou Anping	Mann des Klans Cui, aus Shenzhou Anping	man van de Cui-clan, uit Shenzhou Anping	hombre del clan Cui, de Shenzhou Anping	uomo del clan Cui, da Shenzhou Anping	homem do clã Cui, de Shenzhou Anping	home del clan Cui, de Shenzhou Anping
Q45422231	6000000075345672338	柳	河東解縣	Liu	Hedong Jiexian	M	NN	man of the Liu clan, from Hedong Jiexian	mann av Liu-slekten, fra Hedong Jiexian	mand af Liu-slægten, fra Hedong Jiexian	man av Liu-ätten, från Hedong Jiexian	Mann des Klans Liu, aus Hedong Jiexian	man van de Liu-clan, uit Hedong Jiexian	hombre del clan Liu, de Hedong Jiexian	uomo del clan Liu, da Hedong Jiexian	homem do clã Liu, de Hedong Jiexian	home del clan Liu, de Hedong Jiexian
Q45429773	6000000075344336898	韋	襄州穀城	Wei	Xiangzhou Gucheng	M	NN	man of the Wei clan, from Xiangzhou Gucheng	mann av Wei-slekten, fra Xiangzhou Gucheng	mand af Wei-slægten, fra Xiangzhou Gucheng	man av Wei-ätten, från Xiangzhou Gucheng	Mann des Klans Wei, aus Xiangzhou Gucheng	man van de Wei-clan, uit Xiangzhou Gucheng	hombre del clan Wei, de Xiangzhou Gucheng	uomo del clan Wei, da Xiangzhou Gucheng	homem do clã Wei, de Xiangzhou Gucheng	home del clan Wei, de Xiangzhou Gucheng
Q45448943	6000000074732933164	蕭	蘭陵	Xiao	Lanling	M	NN	man of the Xiao clan, from Lanling	mann av Xiao-slekten, fra Lanling	mand af Xiao-slægten, fra Lanling	man av Xiao-ätten, från Lanling	Mann des Klans Xiao, aus Lanling	man van de Xiao-clan, uit Lanling	hombre del clan Xiao, de Lanling	uomo del clan Xiao, da Lanling	homem do clã Xiao, de Lanling	home del clan Xiao, de Lanling
Q45449130	6000000074733176913	蕭	蘭陵	Xiao	Lanling	M	NN	man of the Xiao clan, from Lanling	mann av Xiao-slekten, fra Lanling	mand af Xiao-slægten, fra Lanling	man av Xiao-ätten, från Lanling	Mann des Klans Xiao, aus Lanling	man van de Xiao-clan, uit Lanling	hombre del clan Xiao, de Lanling	uomo del clan Xiao, da Lanling	homem do clã Xiao, de Lanling	home del clan Xiao, de Lanling
Q45450462	6000000075401366396	韋	京兆萬年	Wei	Jingzhao Wannian	M	NN	man of the Wei clan, from Jingzhao Wannian	mann av Wei-slekten, fra Jingzhao Wannian	mand af Wei-slægten, fra Jingzhao Wannian	man av Wei-ätten, från Jingzhao Wannian	Mann des Klans Wei, aus Jingzhao Wannian	man van de Wei-clan, uit Jingzhao Wannian	hombre del clan Wei, de Jingzhao Wannian	uomo del clan Wei, da Jingzhao Wannian	homem do clã Wei, de Jingzhao Wannian	home del clan Wei, de Jingzhao Wannian
Q45450834	6000000074733145935	蕭	蘭陵	Xiao	Lanling	M	NN	man of the Xiao clan, from Lanling	mann av Xiao-slekten, fra Lanling	mand af Xiao-slægten, fra Lanling	man av Xiao-ätten, från Lanling	Mann des Klans Xiao, aus Lanling	man van de Xiao-clan, uit Lanling	hombre del clan Xiao, de Lanling	uomo del clan Xiao, da Lanling	homem do clã Xiao, de Lanling	home del clan Xiao, de Lanling
Q45453968	6000000074759962880	韋	京兆杜陵	Wei	Jingzhao Duling	M	NN	man of the Wei clan, from Jingzhao Duling	mann av Wei-slekten, fra Jingzhao Duling	mand af Wei-slægten, fra Jingzhao Duling	man av Wei-ätten, från Jingzhao Duling	Mann des Klans Wei, aus Jingzhao Duling	man van de Wei-clan, uit Jingzhao Duling	hombre del clan Wei, de Jingzhao Duling	uomo del clan Wei, da Jingzhao Duling	homem do clã Wei, de Jingzhao Duling	home del clan Wei, de Jingzhao Duling
Q45461450	6000000074716161079	崔	清河東武城	Cui	Qinghe Dongwucheng	M	NN	man of the Cui clan, from Qinghe Dongwucheng	mann av Cui-slekten, fra Qinghe Dongwucheng	mand af Cui-slægten, fra Qinghe Dongwucheng	man av Cui-ätten, från Qinghe Dongwucheng	Mann des Klans Cui, aus Qinghe Dongwucheng	man van de Cui-clan, uit Qinghe Dongwucheng	hombre del clan Cui, de Qinghe Dongwucheng	uomo del clan Cui, da Qinghe Dongwucheng	homem do clã Cui, de Qinghe Dongwucheng	home del clan Cui, de Qinghe Dongwucheng
Q45469083	6000000074735454835	李	隴西狄道	Li	Longxi Didao	M	NN	man of the Li clan, from Longxi Didao	mann av Li-slekten, fra Longxi Didao	mand af Li-slægten, fra Longxi Didao	man av Li-ätten, från Longxi Didao	Mann des Klans Li, aus Longxi Didao	man van de Li-clan, uit Longxi Didao	hombre del clan Li, de Longxi Didao	uomo del clan Li, da Longxi Didao	homem do clã Li, de Longxi Didao	home del clan Li, de Longxi Didao
Q45471981	6000000075060841900	李	隴西狄道	Li	Longxi Didao	M	NN	man of the Li clan, from Longxi Didao	mann av Li-slekten, fra Longxi Didao	mand af Li-slægten, fra Longxi Didao	man av Li-ätten, från Longxi Didao	Mann des Klans Li, aus Longxi Didao	man van de Li-clan, uit Longxi Didao	hombre del clan Li, de Longxi Didao	uomo del clan Li, da Longxi Didao	homem do clã Li, de Longxi Didao	home del clan Li, de Longxi Didao
Q45472107	6000000075060254140	李	隴西狄道	Li	Longxi Didao	M	NN	man of the Li clan, from Longxi Didao	mann av Li-slekten, fra Longxi Didao	mand af Li-slægten, fra Longxi Didao	man av Li-ätten, från Longxi Didao	Mann des Klans Li, aus Longxi Didao	man van de Li-clan, uit Longxi Didao	hombre del clan Li, de Longxi Didao	uomo del clan Li, da Longxi Didao	homem do clã Li, de Longxi Didao	home del clan Li, de Longxi Didao
Q45473385	6000000075060765938	李	隴西狄道	Li	Longxi Didao	M	NN	man of the Li clan, from Longxi Didao	mann av Li-slekten, fra Longxi Didao	mand af Li-slægten, fra Longxi Didao	man av Li-ätten, från Longxi Didao	Mann des Klans Li, aus Longxi Didao	man van de Li-clan, uit Longxi Didao	hombre del clan Li, de Longxi Didao	uomo del clan Li, da Longxi Didao	homem do clã Li, de Longxi Didao	home del clan Li, de Longxi Didao
Q45474359	6000000075060950888	李	隴西狄道	Li	Longxi Didao	M	NN	man of the Li clan, from Longxi Didao	mann av Li-slekten, fra Longxi Didao	mand af Li-slægten, fra Longxi Didao	man av Li-ätten, från Longxi Didao	Mann des Klans Li, aus Longxi Didao	man van de Li-clan, uit Longxi Didao	hombre del clan Li, de Longxi Didao	uomo del clan Li, da Longxi Didao	homem do clã Li, de Longxi Didao	home del clan Li, de Longxi Didao
Q45481279	6000000075060911932	李	隴西狄道	Li	Longxi Didao	M	NN	man of the Li clan, from Longxi Didao	mann av Li-slekten, fra Longxi Didao	mand af Li-slægten, fra Longxi Didao	man av Li-ätten, från Longxi Didao	Mann des Klans Li, aus Longxi Didao	man van de Li-clan, uit Longxi Didao	hombre del clan Li, de Longxi Didao	uomo del clan Li, da Longxi Didao	homem do clã Li, de Longxi Didao	home del clan Li, de Longxi Didao
Q45484623	6000000075344428853	崔	河南	Cui	Henan	M	NN	man of the Cui clan, from Henan	mann av Cui-slekten, fra Henan	mand af Cui-slægten, fra Henan	man av Cui-ätten, från Henan	Mann des Klans Cui, aus Henan	man van de Cui-clan, uit Henan	hombre del clan Cui, de Henan	uomo del clan Cui, da Henan	homem do clã Cui, de Henan	home del clan Cui, de Henan
Q45484673	6000000074734170008	陳	吳興長城	Chen	Wuxing Changcheng	M	NN	man of the Chen clan, from Wuxing Changcheng	mann av Chen-slekten, fra Wuxing Changcheng	mand af Chen-slægten, fra Wuxing Changcheng	man av Chen-ätten, från Wuxing Changcheng	Mann des Klans Chen, aus Wuxing Changcheng	man van de Chen-clan, uit Wuxing Changcheng	hombre del clan Chen, de Wuxing Changcheng	uomo del clan Chen, da Wuxing Changcheng	homem do clã Chen, de Wuxing Changcheng	home del clan Chen, de Wuxing Changcheng
Q45484869	6000000074734368950	陳	昇州江寧	Chen	Shengzhou Jiangning	M	NN	man of the Chen clan, from Shengzhou Jiangning	mann av Chen-slekten, fra Shengzhou Jiangning	mand af Chen-slægten, fra Shengzhou Jiangning	man av Chen-ätten, från Shengzhou Jiangning	Mann des Klans Chen, aus Shengzhou Jiangning	man van de Chen-clan, uit Shengzhou Jiangning	hombre del clan Chen, de Shengzhou Jiangning	uomo del clan Chen, da Shengzhou Jiangning	homem do clã Chen, de Shengzhou Jiangning	home del clan Chen, de Shengzhou Jiangning
Q45484932	6000000074734049089	陳	昇州江寧	Chen	Shengzhou Jiangning	M	NN	man of the Chen clan, from Shengzhou Jiangning	mann av Chen-slekten, fra Shengzhou Jiangning	mand af Chen-slægten, fra Shengzhou Jiangning	man av Chen-ätten, från Shengzhou Jiangning	Mann des Klans Chen, aus Shengzhou Jiangning	man van de Chen-clan, uit Shengzhou Jiangning	hombre del clan Chen, de Shengzhou Jiangning	uomo del clan Chen, da Shengzhou Jiangning	homem do clã Chen, de Shengzhou Jiangning	home del clan Chen, de Shengzhou Jiangning
Q45484995	6000000074734353949	陳	昇州江寧	Chen	Shengzhou Jiangning	M	NN	man of the Chen clan, from Shengzhou Jiangning	mann av Chen-slekten, fra Shengzhou Jiangning	mand af Chen-slægten, fra Shengzhou Jiangning	man av Chen-ätten, från Shengzhou Jiangning	Mann des Klans Chen, aus Shengzhou Jiangning	man van de Chen-clan, uit Shengzhou Jiangning	hombre del clan Chen, de Shengzhou Jiangning	uomo del clan Chen, da Shengzhou Jiangning	homem do clã Chen, de Shengzhou Jiangning	home del clan Chen, de Shengzhou Jiangning
Q45485126	6000000074734042093	陳	京兆長安	Chen	Jingzhao Chang'an	M	NN	man of the Chen clan, from Jingzhao Chang'an	mann av Chen-slekten, fra Jingzhao Chang'an	mand af Chen-slægten, fra Jingzhao Chang'an	man av Chen-ätten, från Jingzhao Chang'an	Mann des Klans Chen, aus Jingzhao Chang'an	man van de Chen-clan, uit Jingzhao Chang'an	hombre del clan Chen, de Jingzhao Chang'an	uomo del clan Chen, da Jingzhao Chang'an	homem do clã Chen, de Jingzhao Chang'an	home del clan Chen, de Jingzhao Chang'an
Q45485317	6000000074734504876	陳	京兆長安	Chen	Jingzhao Chang'an	M	NN	man of the Chen clan, from Jingzhao Chang'an	mann av Chen-slekten, fra Jingzhao Chang'an	mand af Chen-slægten, fra Jingzhao Chang'an	man av Chen-ätten, från Jingzhao Chang'an	Mann des Klans Chen, aus Jingzhao Chang'an	man van de Chen-clan, uit Jingzhao Chang'an	hombre del clan Chen, de Jingzhao Chang'an	uomo del clan Chen, da Jingzhao Chang'an	homem do clã Chen, de Jingzhao Chang'an	home del clan Chen, de Jingzhao Chang'an
Q45485382	6000000074734408871	陳	京兆長安	Chen	Jingzhao Chang'an	M	NN	man of the Chen clan, from Jingzhao Chang'an	mann av Chen-slekten, fra Jingzhao Chang'an	mand af Chen-slægten, fra Jingzhao Chang'an	man av Chen-ätten, från Jingzhao Chang'an	Mann des Klans Chen, aus Jingzhao Chang'an	man van de Chen-clan, uit Jingzhao Chang'an	hombre del clan Chen, de Jingzhao Chang'an	uomo del clan Chen, da Jingzhao Chang'an	homem do clã Chen, de Jingzhao Chang'an	home del clan Chen, de Jingzhao Chang'an
Q45485462	6000000075061427901	李	隴西狄道	Li	Longxi Didao	M	NN	man of the Li clan, from Longxi Didao	mann av Li-slekten, fra Longxi Didao	mand af Li-slægten, fra Longxi Didao	man av Li-ätten, från Longxi Didao	Mann des Klans Li, aus Longxi Didao	man van de Li-clan, uit Longxi Didao	hombre del clan Li, de Longxi Didao	uomo del clan Li, da Longxi Didao	homem do clã Li, de Longxi Didao	home del clan Li, de Longxi Didao
Q45485716	6000000074730706821	裴	河東聞喜	Pei	Hedong Wenxi	M	NN	man of the Pei clan, from Hedong Wenxi	mann av Pei-slekten, fra Hedong Wenxi	mand af Pei-slægten, fra Hedong Wenxi	man av Pei-ätten, från Hedong Wenxi	Mann des Klans Pei, aus Hedong Wenxi	man van de Pei-clan, uit Hedong Wenxi	hombre del clan Pei, de Hedong Wenxi	uomo del clan Pei, da Hedong Wenxi	homem do clã Pei, de Hedong Wenxi	home del clan Pei, de Hedong Wenxi
Q45486474	6000000075398706959	蕭		Xiao		M	NN	man of the Xiao clan	mann av Xiao-slekten	mand af Xiao-slægten	man av Xiao-ätten	Mann des Klans Xiao	man van de Xiao-clan	hombre del clan Xiao	uomo del clan Xiao	homem do clã Xiao	home del clan Xiao
Q45486525	6000000074734131011	陳	湖州長城	Chen	Huzhou Changcheng	M	NN	man of the Chen clan, from Huzhou Changcheng	mann av Chen-slekten, fra Huzhou Changcheng	mand af Chen-slægten, fra Huzhou Changcheng	man av Chen-ätten, från Huzhou Changcheng	Mann des Klans Chen, aus Huzhou Changcheng	man van de Chen-clan, uit Huzhou Changcheng	hombre del clan Chen, de Huzhou Changcheng	uomo del clan Chen, da Huzhou Changcheng	homem do clã Chen, de Huzhou Changcheng	home del clan Chen, de Huzhou Changcheng
Q45486588	6000000074734328888	陳	湖州長城	Chen	Huzhou Changcheng	M	NN	man of the Chen clan, from Huzhou Changcheng	mann av Chen-slekten, fra Huzhou Changcheng	mand af Chen-slægten, fra Huzhou Changcheng	man av Chen-ätten, från Huzhou Changcheng	Mann des Klans Chen, aus Huzhou Changcheng	man van de Chen-clan, uit Huzhou Changcheng	hombre del clan Chen, de Huzhou Changcheng	uomo del clan Chen, da Huzhou Changcheng	homem do clã Chen, de Huzhou Changcheng	home del clan Chen, de Huzhou Changcheng
Q45486909	6000000074734450877	陳	湖州長城	Chen	Huzhou Changcheng	M	NN	man of the Chen clan, from Huzhou Changcheng	mann av Chen-slekten, fra Huzhou Changcheng	mand af Chen-slægten, fra Huzhou Changcheng	man av Chen-ätten, från Huzhou Changcheng	Mann des Klans Chen, aus Huzhou Changcheng	man van de Chen-clan, uit Huzhou Changcheng	hombre del clan Chen, de Huzhou Changcheng	uomo del clan Chen, da Huzhou Changcheng	homem do clã Chen, de Huzhou Changcheng	home del clan Chen, de Huzhou Changcheng
Q45497731	6000000075403792822	盧	潤州丹陽	Lu	Runzhou Danyang	M	NN	man of the Lu clan, from Runzhou Danyang	mann av Lu-slekten, fra Runzhou Danyang	mand af Lu-slægten, fra Runzhou Danyang	man av Lu-ätten, från Runzhou Danyang	Mann des Klans Lu, aus Runzhou Danyang	man van de Lu-clan, uit Runzhou Danyang	hombre del clan Lu, de Runzhou Danyang	uomo del clan Lu, da Runzhou Danyang	homem do clã Lu, de Runzhou Danyang	home del clan Lu, de Runzhou Danyang
Q45501359	6000000074706189848	楊	弘農華陰	Yang	Hongnong Huayin	M	NN	man of the Yang clan, from Hongnong Huayin	mann av Yang-slekten, fra Hongnong Huayin	mand af Yang-slægten, fra Hongnong Huayin	man av Yang-ätten, från Hongnong Huayin	Mann des Klans Yang, aus Hongnong Huayin	man van de Yang-clan, uit Hongnong Huayin	hombre del clan Yang, de Hongnong Huayin	uomo del clan Yang, da Hongnong Huayin	homem do clã Yang, de Hongnong Huayin	home del clan Yang, de Hongnong Huayin
Q45501424	6000000074706186840	楊	弘農華陰	Yang	Hongnong Huayin	M	NN	man of the Yang clan, from Hongnong Huayin	mann av Yang-slekten, fra Hongnong Huayin	mand af Yang-slægten, fra Hongnong Huayin	man av Yang-ätten, från Hongnong Huayin	Mann des Klans Yang, aus Hongnong Huayin	man van de Yang-clan, uit Hongnong Huayin	hombre del clan Yang, de Hongnong Huayin	uomo del clan Yang, da Hongnong Huayin	homem do clã Yang, de Hongnong Huayin	home del clan Yang, de Hongnong Huayin
Q45502571	6000000074735216856	李	隴西狄道	Li	Longxi Didao	M	NN	man of the Li clan, from Longxi Didao	mann av Li-slekten, fra Longxi Didao	mand af Li-slægten, fra Longxi Didao	man av Li-ätten, från Longxi Didao	Mann des Klans Li, aus Longxi Didao	man van de Li-clan, uit Longxi Didao	hombre del clan Li, de Longxi Didao	uomo del clan Li, da Longxi Didao	homem do clã Li, de Longxi Didao	home del clan Li, de Longxi Didao
Q45502705	6000000074706210836	楊	弘農華陰	Yang	Hongnong Huayin	M	NN	man of the Yang clan, from Hongnong Huayin	mann av Yang-slekten, fra Hongnong Huayin	mand af Yang-slægten, fra Hongnong Huayin	man av Yang-ätten, från Hongnong Huayin	Mann des Klans Yang, aus Hongnong Huayin	man van de Yang-clan, uit Hongnong Huayin	hombre del clan Yang, de Hongnong Huayin	uomo del clan Yang, da Hongnong Huayin	homem do clã Yang, de Hongnong Huayin	home del clan Yang, de Hongnong Huayin
Q45503478	6000000074706128929	楊	弘農華陰	Yang	Hongnong Huayin	M	NN	man of the Yang clan, from Hongnong Huayin	mann av Yang-slekten, fra Hongnong Huayin	mand af Yang-slægten, fra Hongnong Huayin	man av Yang-ätten, från Hongnong Huayin	Mann des Klans Yang, aus Hongnong Huayin	man van de Yang-clan, uit Hongnong Huayin	hombre del clan Yang, de Hongnong Huayin	uomo del clan Yang, da Hongnong Huayin	homem do clã Yang, de Hongnong Huayin	home del clan Yang, de Hongnong Huayin
Q45503541	6000000074705345398	楊	弘農華陰	Yang	Hongnong Huayin	M	NN	man of the Yang clan, from Hongnong Huayin	mann av Yang-slekten, fra Hongnong Huayin	mand af Yang-slægten, fra Hongnong Huayin	man av Yang-ätten, från Hongnong Huayin	Mann des Klans Yang, aus Hongnong Huayin	man van de Yang-clan, uit Hongnong Huayin	hombre del clan Yang, de Hongnong Huayin	uomo del clan Yang, da Hongnong Huayin	homem do clã Yang, de Hongnong Huayin	home del clan Yang, de Hongnong Huayin
Q45507781	6000000074712882985	柳	河東解縣	Liu	Hedong Jiexian	M	NN	man of the Liu clan, from Hedong Jiexian	mann av Liu-slekten, fra Hedong Jiexian	mand af Liu-slægten, fra Hedong Jiexian	man av Liu-ätten, från Hedong Jiexian	Mann des Klans Liu, aus Hedong Jiexian	man van de Liu-clan, uit Hedong Jiexian	hombre del clan Liu, de Hedong Jiexian	uomo del clan Liu, da Hedong Jiexian	homem do clã Liu, de Hedong Jiexian	home del clan Liu, de Hedong Jiexian
Q45508685	6000000074733497907	楊	弘農華陰	Yang	Hongnong Huayin	M	NN	man of the Yang clan, from Hongnong Huayin	mann av Yang-slekten, fra Hongnong Huayin	mand af Yang-slægten, fra Hongnong Huayin	man av Yang-ätten, från Hongnong Huayin	Mann des Klans Yang, aus Hongnong Huayin	man van de Yang-clan, uit Hongnong Huayin	hombre del clan Yang, de Hongnong Huayin	uomo del clan Yang, da Hongnong Huayin	homem do clã Yang, de Hongnong Huayin	home del clan Yang, de Hongnong Huayin
Q45508942	6000000074733600850	楊	弘農華陰	Yang	Hongnong Huayin	M	NN	man of the Yang clan, from Hongnong Huayin	mann av Yang-slekten, fra Hongnong Huayin	mand af Yang-slægten, fra Hongnong Huayin	man av Yang-ätten, från Hongnong Huayin	Mann des Klans Yang, aus Hongnong Huayin	man van de Yang-clan, uit Hongnong Huayin	hombre del clan Yang, de Hongnong Huayin	uomo del clan Yang, da Hongnong Huayin	homem do clã Yang, de Hongnong Huayin	home del clan Yang, de Hongnong Huayin
Q45509891	6000000074706161902	楊	弘農華陰	Yang	Hongnong Huayin	M	NN	man of the Yang clan, from Hongnong Huayin	mann av Yang-slekten, fra Hongnong Huayin	mand af Yang-slægten, fra Hongnong Huayin	man av Yang-ätten, från Hongnong Huayin	Mann des Klans Yang, aus Hongnong Huayin	man van de Yang-clan, uit Hongnong Huayin	hombre del clan Yang, de Hongnong Huayin	uomo del clan Yang, da Hongnong Huayin	homem do clã Yang, de Hongnong Huayin	home del clan Yang, de Hongnong Huayin
Q45510761	6000000074712798007	柳	河東解縣	Liu	Hedong Jiexian	M	NN	man of the Liu clan, from Hedong Jiexian	mann av Liu-slekten, fra Hedong Jiexian	mand af Liu-slægten, fra Hedong Jiexian	man av Liu-ätten, från Hedong Jiexian	Mann des Klans Liu, aus Hedong Jiexian	man van de Liu-clan, uit Hedong Jiexian	hombre del clan Liu, de Hedong Jiexian	uomo del clan Liu, da Hedong Jiexian	homem do clã Liu, de Hedong Jiexian	home del clan Liu, de Hedong Jiexian
Q45510826	6000000074713163839	柳	河東解縣	Liu	Hedong Jiexian	M	NN	man of the Liu clan, from Hedong Jiexian	mann av Liu-slekten, fra Hedong Jiexian	mand af Liu-slægten, fra Hedong Jiexian	man av Liu-ätten, från Hedong Jiexian	Mann des Klans Liu, aus Hedong Jiexian	man van de Liu-clan, uit Hedong Jiexian	hombre del clan Liu, de Hedong Jiexian	uomo del clan Liu, da Hedong Jiexian	homem do clã Liu, de Hedong Jiexian	home del clan Liu, de Hedong Jiexian
Q45510888	6000000074713191821	柳	河東解縣	Liu	Hedong Jiexian	M	NN	man of the Liu clan, from Hedong Jiexian	mann av Liu-slekten, fra Hedong Jiexian	mand af Liu-slægten, fra Hedong Jiexian	man av Liu-ätten, från Hedong Jiexian	Mann des Klans Liu, aus Hedong Jiexian	man van de Liu-clan, uit Hedong Jiexian	hombre del clan Liu, de Hedong Jiexian	uomo del clan Liu, da Hedong Jiexian	homem do clã Liu, de Hedong Jiexian	home del clan Liu, de Hedong Jiexian
Q45511272	6000000074712425079	柳	河東解縣	Liu	Hedong Jiexian	M	NN	man of the Liu clan, from Hedong Jiexian	mann av Liu-slekten, fra Hedong Jiexian	mand af Liu-slægten, fra Hedong Jiexian	man av Liu-ätten, från Hedong Jiexian	Mann des Klans Liu, aus Hedong Jiexian	man van de Liu-clan, uit Hedong Jiexian	hombre del clan Liu, de Hedong Jiexian	uomo del clan Liu, da Hedong Jiexian	homem do clã Liu, de Hedong Jiexian	home del clan Liu, de Hedong Jiexian
Q45511461	6000000074713078885	柳	河東解縣	Liu	Hedong Jiexian	M	NN	man of the Liu clan, from Hedong Jiexian	mann av Liu-slekten, fra Hedong Jiexian	mand af Liu-slægten, fra Hedong Jiexian	man av Liu-ätten, från Hedong Jiexian	Mann des Klans Liu, aus Hedong Jiexian	man van de Liu-clan, uit Hedong Jiexian	hombre del clan Liu, de Hedong Jiexian	uomo del clan Liu, da Hedong Jiexian	homem do clã Liu, de Hedong Jiexian	home del clan Liu, de Hedong Jiexian
Q45511905	6000000074712792937	柳	河東解縣	Liu	Hedong Jiexian	M	NN	man of the Liu clan, from Hedong Jiexian	mann av Liu-slekten, fra Hedong Jiexian	mand af Liu-slægten, fra Hedong Jiexian	man av Liu-ätten, från Hedong Jiexian	Mann des Klans Liu, aus Hedong Jiexian	man van de Liu-clan, uit Hedong Jiexian	hombre del clan Liu, de Hedong Jiexian	uomo del clan Liu, da Hedong Jiexian	homem do clã Liu, de Hedong Jiexian	home del clan Liu, de Hedong Jiexian
Q45512915	6000000075399238876	柳	河東解縣	Liu	Hedong Jiexian	M	NN	man of the Liu clan, from Hedong Jiexian	mann av Liu-slekten, fra Hedong Jiexian	mand af Liu-slægten, fra Hedong Jiexian	man av Liu-ätten, från Hedong Jiexian	Mann des Klans Liu, aus Hedong Jiexian	man van de Liu-clan, uit Hedong Jiexian	hombre del clan Liu, de Hedong Jiexian	uomo del clan Liu, da Hedong Jiexian	homem do clã Liu, de Hedong Jiexian	home del clan Liu, de Hedong Jiexian
Q45513489	6000000074715524028	柳	河東解縣	Liu	Hedong Jiexian	M	NN	man of the Liu clan, from Hedong Jiexian	mann av Liu-slekten, fra Hedong Jiexian	mand af Liu-slægten, fra Hedong Jiexian	man av Liu-ätten, från Hedong Jiexian	Mann des Klans Liu, aus Hedong Jiexian	man van de Liu-clan, uit Hedong Jiexian	hombre del clan Liu, de Hedong Jiexian	uomo del clan Liu, da Hedong Jiexian	homem do clã Liu, de Hedong Jiexian	home del clan Liu, de Hedong Jiexian
Q45513552	6000000074715708871	柳	河東解縣	Liu	Hedong Jiexian	M	NN	man of the Liu clan, from Hedong Jiexian	mann av Liu-slekten, fra Hedong Jiexian	mand af Liu-slægten, fra Hedong Jiexian	man av Liu-ätten, från Hedong Jiexian	Mann des Klans Liu, aus Hedong Jiexian	man van de Liu-clan, uit Hedong Jiexian	hombre del clan Liu, de Hedong Jiexian	uomo del clan Liu, da Hedong Jiexian	homem do clã Liu, de Hedong Jiexian	home del clan Liu, de Hedong Jiexian
Q45517450	6000000074747408890	房	齊州臨淄	Fang	Qizhou Linzi	M	NN	man of the Fang clan, from Qizhou Linzi	mann av Fang-slekten, fra Qizhou Linzi	mand af Fang-slægten, fra Qizhou Linzi	man av Fang-ätten, från Qizhou Linzi	Mann des Klans Fang, aus Qizhou Linzi	man van de Fang-clan, uit Qizhou Linzi	hombre del clan Fang, de Qizhou Linzi	uomo del clan Fang, da Qizhou Linzi	homem do clã Fang, de Qizhou Linzi	home del clan Fang, de Qizhou Linzi
Q45517515	6000000074747041176	房	齊州臨淄	Fang	Qizhou Linzi	M	NN	man of the Fang clan, from Qizhou Linzi	mann av Fang-slekten, fra Qizhou Linzi	mand af Fang-slægten, fra Qizhou Linzi	man av Fang-ätten, från Qizhou Linzi	Mann des Klans Fang, aus Qizhou Linzi	man van de Fang-clan, uit Qizhou Linzi	hombre del clan Fang, de Qizhou Linzi	uomo del clan Fang, da Qizhou Linzi	homem do clã Fang, de Qizhou Linzi	home del clan Fang, de Qizhou Linzi
Q45517579	6000000074747524823	房	齊州臨淄	Fang	Qizhou Linzi	M	NN	man of the Fang clan, from Qizhou Linzi	mann av Fang-slekten, fra Qizhou Linzi	mand af Fang-slægten, fra Qizhou Linzi	man av Fang-ätten, från Qizhou Linzi	Mann des Klans Fang, aus Qizhou Linzi	man van de Fang-clan, uit Qizhou Linzi	hombre del clan Fang, de Qizhou Linzi	uomo del clan Fang, da Qizhou Linzi	homem do clã Fang, de Qizhou Linzi	home del clan Fang, de Qizhou Linzi
Q45517644	6000000074747095235	房	齊州臨淄	Fang	Qizhou Linzi	M	NN	man of the Fang clan, from Qizhou Linzi	mann av Fang-slekten, fra Qizhou Linzi	mand af Fang-slægten, fra Qizhou Linzi	man av Fang-ätten, från Qizhou Linzi	Mann des Klans Fang, aus Qizhou Linzi	man van de Fang-clan, uit Qizhou Linzi	hombre del clan Fang, de Qizhou Linzi	uomo del clan Fang, da Qizhou Linzi	homem do clã Fang, de Qizhou Linzi	home del clan Fang, de Qizhou Linzi
Q45517670	6000000074750797872	李	隴西狄道	Li	Longxi Didao	F	NN	woman of the Li clan, from Longxi Didao	kvinne av Li-slekten, fra Longxi Didao	kvinde af Li-slægten, fra Longxi Didao	kvinna av Li-ätten, från Longxi Didao	Frau des Klans Li, aus Longxi Didao	vrouw van de Li-clan, uit Longxi Didao	mujer del clan Li, de Longxi Didao	donna del clan Li, da Longxi Didao	mulher do clã Li, de Longxi Didao	dona del clan Li, de Longxi Didao
Q45518351	6000000074747192109	房	齊州臨淄	Fang	Qizhou Linzi	M	NN	man of the Fang clan, from Qizhou Linzi	mann av Fang-slekten, fra Qizhou Linzi	mand af Fang-slægten, fra Qizhou Linzi	man av Fang-ätten, från Qizhou Linzi	Mann des Klans Fang, aus Qizhou Linzi	man van de Fang-clan, uit Qizhou Linzi	hombre del clan Fang, de Qizhou Linzi	uomo del clan Fang, da Qizhou Linzi	homem do clã Fang, de Qizhou Linzi	home del clan Fang, de Qizhou Linzi
Q45518415	6000000074747239038	房	齊州臨淄	Fang	Qizhou Linzi	M	NN	man of the Fang clan, from Qizhou Linzi	mann av Fang-slekten, fra Qizhou Linzi	mand af Fang-slægten, fra Qizhou Linzi	man av Fang-ätten, från Qizhou Linzi	Mann des Klans Fang, aus Qizhou Linzi	man van de Fang-clan, uit Qizhou Linzi	hombre del clan Fang, de Qizhou Linzi	uomo del clan Fang, da Qizhou Linzi	homem do clã Fang, de Qizhou Linzi	home del clan Fang, de Qizhou Linzi
Q45521650	6000000075061315899	李	隴西狄道	Li	Longxi Didao	M	NN	man of the Li clan, from Longxi Didao	mann av Li-slekten, fra Longxi Didao	mand af Li-slægten, fra Longxi Didao	man av Li-ätten, från Longxi Didao	Mann des Klans Li, aus Longxi Didao	man van de Li-clan, uit Longxi Didao	hombre del clan Li, de Longxi Didao	uomo del clan Li, da Longxi Didao	homem do clã Li, de Longxi Didao	home del clan Li, de Longxi Didao
Q45534434	6000000075061275842	李	隴西狄道	Li	Longxi Didao	M	NN	man of the Li clan, from Longxi Didao	mann av Li-slekten, fra Longxi Didao	mand af Li-slægten, fra Longxi Didao	man av Li-ätten, från Longxi Didao	Mann des Klans Li, aus Longxi Didao	man van de Li-clan, uit Longxi Didao	hombre del clan Li, de Longxi Didao	uomo del clan Li, da Longxi Didao	homem do clã Li, de Longxi Didao	home del clan Li, de Longxi Didao
Q45534750	6000000074788775892	鄭	鄭州榮澤	Zheng	Zhengzhou Rongze	M	NN	man of the Zheng clan, from Zhengzhou Rongze	mann av Zheng-slekten, fra Zhengzhou Rongze	mand af Zheng-slægten, fra Zhengzhou Rongze	man av Zheng-ätten, från Zhengzhou Rongze	Mann des Klans Zheng, aus Zhengzhou Rongze	man van de Zheng-clan, uit Zhengzhou Rongze	hombre del clan Zheng, de Zhengzhou Rongze	uomo del clan Zheng, da Zhengzhou Rongze	homem do clã Zheng, de Zhengzhou Rongze	home del clan Zheng, de Zhengzhou Rongze
Q45536767	6000000074716291293	杜	京兆杜陵	Du	Jingzhao Duling	M	NN	man of the Du clan, from Jingzhao Duling	mann av Du-slekten, fra Jingzhao Duling	mand af Du-slægten, fra Jingzhao Duling	man av Du-ätten, från Jingzhao Duling	Mann des Klans Du, aus Jingzhao Duling	man van de Du-clan, uit Jingzhao Duling	hombre del clan Du, de Jingzhao Duling	uomo del clan Du, da Jingzhao Duling	homem do clã Du, de Jingzhao Duling	home del clan Du, de Jingzhao Duling
Q45536832	6000000074717189940	杜	京兆杜陵	Du	Jingzhao Duling	M	NN	man of the Du clan, from Jingzhao Duling	mann av Du-slekten, fra Jingzhao Duling	mand af Du-slægten, fra Jingzhao Duling	man av Du-ätten, från Jingzhao Duling	Mann des Klans Du, aus Jingzhao Duling	man van de Du-clan, uit Jingzhao Duling	hombre del clan Du, de Jingzhao Duling	uomo del clan Du, da Jingzhao Duling	homem do clã Du, de Jingzhao Duling	home del clan Du, de Jingzhao Duling
Q45541151	6000000074767499967	李	隴西狄道	Li	Longxi Didao	M	NN	man of the Li clan, from Longxi Didao	mann av Li-slekten, fra Longxi Didao	mand af Li-slægten, fra Longxi Didao	man av Li-ätten, från Longxi Didao	Mann des Klans Li, aus Longxi Didao	man van de Li-clan, uit Longxi Didao	hombre del clan Li, de Longxi Didao	uomo del clan Li, da Longxi Didao	homem do clã Li, de Longxi Didao	home del clan Li, de Longxi Didao
Q45542682	6000000074767634856	李	隴西狄道	Li	Longxi Didao	M	NN	man of the Li clan, from Longxi Didao	mann av Li-slekten, fra Longxi Didao	mand af Li-slægten, fra Longxi Didao	man av Li-ätten, från Longxi Didao	Mann des Klans Li, aus Longxi Didao	man van de Li-clan, uit Longxi Didao	hombre del clan Li, de Longxi Didao	uomo del clan Li, da Longxi Didao	homem do clã Li, de Longxi Didao	home del clan Li, de Longxi Didao
Q45544329	6000000074767636987	李	隴西狄道	Li	Longxi Didao	M	NN	man of the Li clan, from Longxi Didao	mann av Li-slekten, fra Longxi Didao	mand af Li-slægten, fra Longxi Didao	man av Li-ätten, från Longxi Didao	Mann des Klans Li, aus Longxi Didao	man van de Li-clan, uit Longxi Didao	hombre del clan Li, de Longxi Didao	uomo del clan Li, da Longxi Didao	homem do clã Li, de Longxi Didao	home del clan Li, de Longxi Didao
Q45553927	6000000074699354035	李	京兆長安	Li	Jingzhao Chang'an	M	NN	man of the Li clan, from Jingzhao Chang'an	mann av Li-slekten, fra Jingzhao Chang'an	mand af Li-slægten, fra Jingzhao Chang'an	man av Li-ätten, från Jingzhao Chang'an	Mann des Klans Li, aus Jingzhao Chang'an	man van de Li-clan, uit Jingzhao Chang'an	hombre del clan Li, de Jingzhao Chang'an	uomo del clan Li, da Jingzhao Chang'an	homem do clã Li, de Jingzhao Chang'an	home del clan Li, de Jingzhao Chang'an
Q45556055	6000000074712442848	李	河南洛陽	Li	Henan Luoyang	M	NN	man of the Li clan, from Henan Luoyang	mann av Li-slekten, fra Henan Luoyang	mand af Li-slægten, fra Henan Luoyang	man av Li-ätten, från Henan Luoyang	Mann des Klans Li, aus Henan Luoyang	man van de Li-clan, uit Henan Luoyang	hombre del clan Li, de Henan Luoyang	uomo del clan Li, da Henan Luoyang	homem do clã Li, de Henan Luoyang	home del clan Li, de Henan Luoyang
Q45557842	6000000074716376163	崔	貝州清河	Cui	Beizhou Qinghe	M	NN	man of the Cui clan, from Beizhou Qinghe	mann av Cui-slekten, fra Beizhou Qinghe	mand af Cui-slægten, fra Beizhou Qinghe	man av Cui-ätten, från Beizhou Qinghe	Mann des Klans Cui, aus Beizhou Qinghe	man van de Cui-clan, uit Beizhou Qinghe	hombre del clan Cui, de Beizhou Qinghe	uomo del clan Cui, da Beizhou Qinghe	homem do clã Cui, de Beizhou Qinghe	home del clan Cui, de Beizhou Qinghe
Q45562647	6000000074730359898	裴	京兆萬年	Pei	Jingzhao Wannian	M	NN	man of the Pei clan, from Jingzhao Wannian	mann av Pei-slekten, fra Jingzhao Wannian	mand af Pei-slægten, fra Jingzhao Wannian	man av Pei-ätten, från Jingzhao Wannian	Mann des Klans Pei, aus Jingzhao Wannian	man van de Pei-clan, uit Jingzhao Wannian	hombre del clan Pei, de Jingzhao Wannian	uomo del clan Pei, da Jingzhao Wannian	homem do clã Pei, de Jingzhao Wannian	home del clan Pei, de Jingzhao Wannian
Q45562711	6000000074730642844	裴	河東聞喜	Pei	Hedong Wenxi	M	NN	man of the Pei clan, from Hedong Wenxi	mann av Pei-slekten, fra Hedong Wenxi	mand af Pei-slægten, fra Hedong Wenxi	man av Pei-ätten, från Hedong Wenxi	Mann des Klans Pei, aus Hedong Wenxi	man van de Pei-clan, uit Hedong Wenxi	hombre del clan Pei, de Hedong Wenxi	uomo del clan Pei, da Hedong Wenxi	homem do clã Pei, de Hedong Wenxi	home del clan Pei, de Hedong Wenxi
Q45562775	6000000074730643821	裴	河東聞喜	Pei	Hedong Wenxi	M	NN	man of the Pei clan, from Hedong Wenxi	mann av Pei-slekten, fra Hedong Wenxi	mand af Pei-slægten, fra Hedong Wenxi	man av Pei-ätten, från Hedong Wenxi	Mann des Klans Pei, aus Hedong Wenxi	man van de Pei-clan, uit Hedong Wenxi	hombre del clan Pei, de Hedong Wenxi	uomo del clan Pei, da Hedong Wenxi	homem do clã Pei, de Hedong Wenxi	home del clan Pei, de Hedong Wenxi
Q45570419	6000000074749995576	李	京兆萬年	Li	Jingzhao Wannian	M	NN	man of the Li clan, from Jingzhao Wannian	mann av Li-slekten, fra Jingzhao Wannian	mand af Li-slægten, fra Jingzhao Wannian	man av Li-ätten, från Jingzhao Wannian	Mann des Klans Li, aus Jingzhao Wannian	man van de Li-clan, uit Jingzhao Wannian	hombre del clan Li, de Jingzhao Wannian	uomo del clan Li, da Jingzhao Wannian	homem do clã Li, de Jingzhao Wannian	home del clan Li, de Jingzhao Wannian
Q45570482	6000000074750820004	李	京兆萬年	Li	Jingzhao Wannian	M	NN	man of the Li clan, from Jingzhao Wannian	mann av Li-slekten, fra Jingzhao Wannian	mand af Li-slægten, fra Jingzhao Wannian	man av Li-ätten, från Jingzhao Wannian	Mann des Klans Li, aus Jingzhao Wannian	man van de Li-clan, uit Jingzhao Wannian	hombre del clan Li, de Jingzhao Wannian	uomo del clan Li, da Jingzhao Wannian	homem do clã Li, de Jingzhao Wannian	home del clan Li, de Jingzhao Wannian
Q45574741	6000000074738955980	李	趙州贊皇	Li	Zhaozhou Zanhuang	M	NN	man of the Li clan, from Zhaozhou Zanhuang	mann av Li-slekten, fra Zhaozhou Zanhuang	mand af Li-slægten, fra Zhaozhou Zanhuang	man av Li-ätten, från Zhaozhou Zanhuang	Mann des Klans Li, aus Zhaozhou Zanhuang	man van de Li-clan, uit Zhaozhou Zanhuang	hombre del clan Li, de Zhaozhou Zanhuang	uomo del clan Li, da Zhaozhou Zanhuang	homem do clã Li, de Zhaozhou Zanhuang	home del clan Li, de Zhaozhou Zanhuang
Q45574802	6000000074739389825	李	趙州贊皇	Li	Zhaozhou Zanhuang	M	NN	man of the Li clan, from Zhaozhou Zanhuang	mann av Li-slekten, fra Zhaozhou Zanhuang	mand af Li-slægten, fra Zhaozhou Zanhuang	man av Li-ätten, från Zhaozhou Zanhuang	Mann des Klans Li, aus Zhaozhou Zanhuang	man van de Li-clan, uit Zhaozhou Zanhuang	hombre del clan Li, de Zhaozhou Zanhuang	uomo del clan Li, da Zhaozhou Zanhuang	homem do clã Li, de Zhaozhou Zanhuang	home del clan Li, de Zhaozhou Zanhuang
Q45583513	6000000074788595879	鄭	滎陽開封	Zheng	Xingyang Kaifeng	M	NN	man of the Zheng clan, from Xingyang Kaifeng	mann av Zheng-slekten, fra Xingyang Kaifeng	mand af Zheng-slægten, fra Xingyang Kaifeng	man av Zheng-ätten, från Xingyang Kaifeng	Mann des Klans Zheng, aus Xingyang Kaifeng	man van de Zheng-clan, uit Xingyang Kaifeng	hombre del clan Zheng, de Xingyang Kaifeng	uomo del clan Zheng, da Xingyang Kaifeng	homem do clã Zheng, de Xingyang Kaifeng	home del clan Zheng, de Xingyang Kaifeng
Q45600896	6000000074715058981	陸	吳郡吳縣	Lu	Wujun Wuxian	M	NN	man of the Lu clan, from Wujun Wuxian	mann av Lu-slekten, fra Wujun Wuxian	mand af Lu-slægten, fra Wujun Wuxian	man av Lu-ätten, från Wujun Wuxian	Mann des Klans Lu, aus Wujun Wuxian	man van de Lu-clan, uit Wujun Wuxian	hombre del clan Lu, de Wujun Wuxian	uomo del clan Lu, da Wujun Wuxian	homem do clã Lu, de Wujun Wuxian	home del clan Lu, de Wujun Wuxian
Q45602475	6000000074699315063	李	京兆長安	Li	Jingzhao Chang'an	M	NN	man of the Li clan, from Jingzhao Chang'an	mann av Li-slekten, fra Jingzhao Chang'an	mand af Li-slægten, fra Jingzhao Chang'an	man av Li-ätten, från Jingzhao Chang'an	Mann des Klans Li, aus Jingzhao Chang'an	man van de Li-clan, uit Jingzhao Chang'an	hombre del clan Li, de Jingzhao Chang'an	uomo del clan Li, da Jingzhao Chang'an	homem do clã Li, de Jingzhao Chang'an	home del clan Li, de Jingzhao Chang'an
Q45611337	6000000074788713859	鄭	鄭州榮澤	Zheng	Zhengzhou Rongze	M	NN	man of the Zheng clan, from Zhengzhou Rongze	mann av Zheng-slekten, fra Zhengzhou Rongze	mand af Zheng-slægten, fra Zhengzhou Rongze	man av Zheng-ätten, från Zhengzhou Rongze	Mann des Klans Zheng, aus Zhengzhou Rongze	man van de Zheng-clan, uit Zhengzhou Rongze	hombre del clan Zheng, de Zhengzhou Rongze	uomo del clan Zheng, da Zhengzhou Rongze	homem do clã Zheng, de Zhengzhou Rongze	home del clan Zheng, de Zhengzhou Rongze
Q45620545	6000000075327872192	楊		Yang		M	NN	man of the Yang clan	mann av Yang-slekten	mand af Yang-slægten	man av Yang-ätten	Mann des Klans Yang	man van de Yang-clan	hombre del clan Yang	uomo del clan Yang	homem do clã Yang	home del clan Yang
Q45621550	6000000074739443859	李	趙州贊皇	Li	Zhaozhou Zanhuang	M	NN	man of the Li clan, from Zhaozhou Zanhuang	mann av Li-slekten, fra Zhaozhou Zanhuang	mand af Li-slægten, fra Zhaozhou Zanhuang	man av Li-ätten, från Zhaozhou Zanhuang	Mann des Klans Li, aus Zhaozhou Zanhuang	man van de Li-clan, uit Zhaozhou Zanhuang	hombre del clan Li, de Zhaozhou Zanhuang	uomo del clan Li, da Zhaozhou Zanhuang	homem do clã Li, de Zhaozhou Zanhuang	home del clan Li, de Zhaozhou Zanhuang
Q45621738	6000000074739051949	李	趙州贊皇	Li	Zhaozhou Zanhuang	M	NN	man of the Li clan, from Zhaozhou Zanhuang	mann av Li-slekten, fra Zhaozhou Zanhuang	mand af Li-slægten, fra Zhaozhou Zanhuang	man av Li-ätten, från Zhaozhou Zanhuang	Mann des Klans Li, aus Zhaozhou Zanhuang	man van de Li-clan, uit Zhaozhou Zanhuang	hombre del clan Li, de Zhaozhou Zanhuang	uomo del clan Li, da Zhaozhou Zanhuang	homem do clã Li, de Zhaozhou Zanhuang	home del clan Li, de Zhaozhou Zanhuang
Q45622685	6000000074748421023	唐	晉昌冥安	Tang	Jinchang Ming'an	M	NN	man of the Tang clan, from Jinchang Ming'an	mann av Tang-slekten, fra Jinchang Ming'an	mand af Tang-slægten, fra Jinchang Ming'an	man av Tang-ätten, från Jinchang Ming'an	Mann des Klans Tang, aus Jinchang Ming'an	man van de Tang-clan, uit Jinchang Ming'an	hombre del clan Tang, de Jinchang Ming'an	uomo del clan Tang, da Jinchang Ming'an	homem do clã Tang, de Jinchang Ming'an	home del clan Tang, de Jinchang Ming'an
Q45628948	6000000074749598941	薛	蒲州寶鼎	Xue	Puzhou Baoding	M	NN	man of the Xue clan, from Puzhou Baoding	mann av Xue-slekten, fra Puzhou Baoding	mand af Xue-slægten, fra Puzhou Baoding	man av Xue-ätten, från Puzhou Baoding	Mann des Klans Xue, aus Puzhou Baoding	man van de Xue-clan, uit Puzhou Baoding	hombre del clan Xue, de Puzhou Baoding	uomo del clan Xue, da Puzhou Baoding	homem do clã Xue, de Puzhou Baoding	home del clan Xue, de Puzhou Baoding
Q45632756	6000000074730594879	裴	河東聞喜	Pei	Hedong Wenxi	M	NN	man of the Pei clan, from Hedong Wenxi	mann av Pei-slekten, fra Hedong Wenxi	mand af Pei-slægten, fra Hedong Wenxi	man av Pei-ätten, från Hedong Wenxi	Mann des Klans Pei, aus Hedong Wenxi	man van de Pei-clan, uit Hedong Wenxi	hombre del clan Pei, de Hedong Wenxi	uomo del clan Pei, da Hedong Wenxi	homem do clã Pei, de Hedong Wenxi	home del clan Pei, de Hedong Wenxi
Q45635644	6000000074733389821	蕭	蘭陵	Xiao	Lanling	M	NN	man of the Xiao clan, from Lanling	mann av Xiao-slekten, fra Lanling	mand af Xiao-slægten, fra Lanling	man av Xiao-ätten, från Lanling	Mann des Klans Xiao, aus Lanling	man van de Xiao-clan, uit Lanling	hombre del clan Xiao, de Lanling	uomo del clan Xiao, da Lanling	homem do clã Xiao, de Lanling	home del clan Xiao, de Lanling
Q45639455	6000000074749313118	薛	蒲州寶鼎	Xue	Puzhou Baoding	M	NN	man of the Xue clan, from Puzhou Baoding	mann av Xue-slekten, fra Puzhou Baoding	mand af Xue-slægten, fra Puzhou Baoding	man av Xue-ätten, från Puzhou Baoding	Mann des Klans Xue, aus Puzhou Baoding	man van de Xue-clan, uit Puzhou Baoding	hombre del clan Xue, de Puzhou Baoding	uomo del clan Xue, da Puzhou Baoding	homem do clã Xue, de Puzhou Baoding	home del clan Xue, de Puzhou Baoding
Q45642399	6000000074730584871	裴	河東聞喜	Pei	Hedong Wenxi	M	NN	man of the Pei clan, from Hedong Wenxi	mann av Pei-slekten, fra Hedong Wenxi	mand af Pei-slægten, fra Hedong Wenxi	man av Pei-ätten, från Hedong Wenxi	Mann des Klans Pei, aus Hedong Wenxi	man van de Pei-clan, uit Hedong Wenxi	hombre del clan Pei, de Hedong Wenxi	uomo del clan Pei, da Hedong Wenxi	homem do clã Pei, de Hedong Wenxi	home del clan Pei, de Hedong Wenxi
Q45642460	6000000074730393950	裴	河東聞喜	Pei	Hedong Wenxi	M	NN	man of the Pei clan, from Hedong Wenxi	mann av Pei-slekten, fra Hedong Wenxi	mand af Pei-slægten, fra Hedong Wenxi	man av Pei-ätten, från Hedong Wenxi	Mann des Klans Pei, aus Hedong Wenxi	man van de Pei-clan, uit Hedong Wenxi	hombre del clan Pei, de Hedong Wenxi	uomo del clan Pei, da Hedong Wenxi	homem do clã Pei, de Hedong Wenxi	home del clan Pei, de Hedong Wenxi
Q45642520	6000000074730577862	裴	河東聞喜	Pei	Hedong Wenxi	M	NN	man of the Pei clan, from Hedong Wenxi	mann av Pei-slekten, fra Hedong Wenxi	mand af Pei-slægten, fra Hedong Wenxi	man av Pei-ätten, från Hedong Wenxi	Mann des Klans Pei, aus Hedong Wenxi	man van de Pei-clan, uit Hedong Wenxi	hombre del clan Pei, de Hedong Wenxi	uomo del clan Pei, da Hedong Wenxi	homem do clã Pei, de Hedong Wenxi	home del clan Pei, de Hedong Wenxi
Q45642643	6000000074730031042	裴	河東聞喜	Pei	Hedong Wenxi	M	NN	man of the Pei clan, from Hedong Wenxi	mann av Pei-slekten, fra Hedong Wenxi	mand af Pei-slægten, fra Hedong Wenxi	man av Pei-ätten, från Hedong Wenxi	Mann des Klans Pei, aus Hedong Wenxi	man van de Pei-clan, uit Hedong Wenxi	hombre del clan Pei, de Hedong Wenxi	uomo del clan Pei, da Hedong Wenxi	homem do clã Pei, de Hedong Wenxi	home del clan Pei, de Hedong Wenxi
Q45642829	6000000057634231230	裴	河東聞喜	Pei	Hedong Wenxi	M	NN	man of the Pei clan, from Hedong Wenxi	mann av Pei-slekten, fra Hedong Wenxi	mand af Pei-slægten, fra Hedong Wenxi	man av Pei-ätten, från Hedong Wenxi	Mann des Klans Pei, aus Hedong Wenxi	man van de Pei-clan, uit Hedong Wenxi	hombre del clan Pei, de Hedong Wenxi	uomo del clan Pei, da Hedong Wenxi	homem do clã Pei, de Hedong Wenxi	home del clan Pei, de Hedong Wenxi
Q45644430	6000000074712109983	李	趙州平棘	Li	Zhaozhou Pingji	M	NN	man of the Li clan, from Zhaozhou Pingji	mann av Li-slekten, fra Zhaozhou Pingji	mand af Li-slægten, fra Zhaozhou Pingji	man av Li-ätten, från Zhaozhou Pingji	Mann des Klans Li, aus Zhaozhou Pingji	man van de Li-clan, uit Zhaozhou Pingji	hombre del clan Li, de Zhaozhou Pingji	uomo del clan Li, da Zhaozhou Pingji	homem do clã Li, de Zhaozhou Pingji	home del clan Li, de Zhaozhou Pingji
Q45644491	6000000074712145920	李	趙州平棘	Li	Zhaozhou Pingji	M	NN	man of the Li clan, from Zhaozhou Pingji	mann av Li-slekten, fra Zhaozhou Pingji	mand af Li-slægten, fra Zhaozhou Pingji	man av Li-ätten, från Zhaozhou Pingji	Mann des Klans Li, aus Zhaozhou Pingji	man van de Li-clan, uit Zhaozhou Pingji	hombre del clan Li, de Zhaozhou Pingji	uomo del clan Li, da Zhaozhou Pingji	homem do clã Li, de Zhaozhou Pingji	home del clan Li, de Zhaozhou Pingji
Q45644550	6000000074711693222	李	趙州平棘	Li	Zhaozhou Pingji	M	NN	man of the Li clan, from Zhaozhou Pingji	mann av Li-slekten, fra Zhaozhou Pingji	mand af Li-slægten, fra Zhaozhou Pingji	man av Li-ätten, från Zhaozhou Pingji	Mann des Klans Li, aus Zhaozhou Pingji	man van de Li-clan, uit Zhaozhou Pingji	hombre del clan Li, de Zhaozhou Pingji	uomo del clan Li, da Zhaozhou Pingji	homem do clã Li, de Zhaozhou Pingji	home del clan Li, de Zhaozhou Pingji
Q45645832	6000000074712230958	李	河南	Li	Henan	M	NN	man of the Li clan, from Henan	mann av Li-slekten, fra Henan	mand af Li-slægten, fra Henan	man av Li-ätten, från Henan	Mann des Klans Li, aus Henan	man van de Li-clan, uit Henan	hombre del clan Li, de Henan	uomo del clan Li, da Henan	homem do clã Li, de Henan	home del clan Li, de Henan
Q45645892	6000000074712438826	李	河南	Li	Henan	M	NN	man of the Li clan, from Henan	mann av Li-slekten, fra Henan	mand af Li-slægten, fra Henan	man av Li-ätten, från Henan	Mann des Klans Li, aus Henan	man van de Li-clan, uit Henan	hombre del clan Li, de Henan	uomo del clan Li, da Henan	homem do clã Li, de Henan	home del clan Li, de Henan
Q45645904	6000000074730453941	裴	河東聞喜	Pei	Hedong Wenxi	M	NN	man of the Pei clan, from Hedong Wenxi	mann av Pei-slekten, fra Hedong Wenxi	mand af Pei-slægten, fra Hedong Wenxi	man av Pei-ätten, från Hedong Wenxi	Mann des Klans Pei, aus Hedong Wenxi	man van de Pei-clan, uit Hedong Wenxi	hombre del clan Pei, de Hedong Wenxi	uomo del clan Pei, da Hedong Wenxi	homem do clã Pei, de Hedong Wenxi	home del clan Pei, de Hedong Wenxi
Q45645953	6000000074711095391	李	河南	Li	Henan	M	NN	man of the Li clan, from Henan	mann av Li-slekten, fra Henan	mand af Li-slægten, fra Henan	man av Li-ätten, från Henan	Mann des Klans Li, aus Henan	man van de Li-clan, uit Henan	hombre del clan Li, de Henan	uomo del clan Li, da Henan	homem do clã Li, de Henan	home del clan Li, de Henan
Q45646012	6000000074712004050	李	河南	Li	Henan	M	NN	man of the Li clan, from Henan	mann av Li-slekten, fra Henan	mand af Li-slægten, fra Henan	man av Li-ätten, från Henan	Mann des Klans Li, aus Henan	man van de Li-clan, uit Henan	hombre del clan Li, de Henan	uomo del clan Li, da Henan	homem do clã Li, de Henan	home del clan Li, de Henan
Q45646435	6000000074712027036	李	趙州平棘	Li	Zhaozhou Pingji	M	NN	man of the Li clan, from Zhaozhou Pingji	mann av Li-slekten, fra Zhaozhou Pingji	mand af Li-slægten, fra Zhaozhou Pingji	man av Li-ätten, från Zhaozhou Pingji	Mann des Klans Li, aus Zhaozhou Pingji	man van de Li-clan, uit Zhaozhou Pingji	hombre del clan Li, de Zhaozhou Pingji	uomo del clan Li, da Zhaozhou Pingji	homem do clã Li, de Zhaozhou Pingji	home del clan Li, de Zhaozhou Pingji
Q45646493	6000000074712079041	李	趙州平棘	Li	Zhaozhou Pingji	M	NN	man of the Li clan, from Zhaozhou Pingji	mann av Li-slekten, fra Zhaozhou Pingji	mand af Li-slægten, fra Zhaozhou Pingji	man av Li-ätten, från Zhaozhou Pingji	Mann des Klans Li, aus Zhaozhou Pingji	man van de Li-clan, uit Zhaozhou Pingji	hombre del clan Li, de Zhaozhou Pingji	uomo del clan Li, da Zhaozhou Pingji	homem do clã Li, de Zhaozhou Pingji	home del clan Li, de Zhaozhou Pingji
Q45646554	6000000074712354884	李	趙州平棘	Li	Zhaozhou Pingji	M	NN	man of the Li clan, from Zhaozhou Pingji	mann av Li-slekten, fra Zhaozhou Pingji	mand af Li-slægten, fra Zhaozhou Pingji	man av Li-ätten, från Zhaozhou Pingji	Mann des Klans Li, aus Zhaozhou Pingji	man van de Li-clan, uit Zhaozhou Pingji	hombre del clan Li, de Zhaozhou Pingji	uomo del clan Li, da Zhaozhou Pingji	homem do clã Li, de Zhaozhou Pingji	home del clan Li, de Zhaozhou Pingji
Q45646854	6000000074712467833	李	滑州匡城	Li	Huazhou Kuangcheng	M	NN	man of the Li clan, from Huazhou Kuangcheng	mann av Li-slekten, fra Huazhou Kuangcheng	mand af Li-slægten, fra Huazhou Kuangcheng	man av Li-ätten, från Huazhou Kuangcheng	Mann des Klans Li, aus Huazhou Kuangcheng	man van de Li-clan, uit Huazhou Kuangcheng	hombre del clan Li, de Huazhou Kuangcheng	uomo del clan Li, da Huazhou Kuangcheng	homem do clã Li, de Huazhou Kuangcheng	home del clan Li, de Huazhou Kuangcheng
Q45646912	6000000074712349896	李	滑州匡城	Li	Huazhou Kuangcheng	M	NN	man of the Li clan, from Huazhou Kuangcheng	mann av Li-slekten, fra Huazhou Kuangcheng	mand af Li-slægten, fra Huazhou Kuangcheng	man av Li-ätten, från Huazhou Kuangcheng	Mann des Klans Li, aus Huazhou Kuangcheng	man van de Li-clan, uit Huazhou Kuangcheng	hombre del clan Li, de Huazhou Kuangcheng	uomo del clan Li, da Huazhou Kuangcheng	homem do clã Li, de Huazhou Kuangcheng	home del clan Li, de Huazhou Kuangcheng
Q45646972	6000000074712027041	李	滑州匡城	Li	Huazhou Kuangcheng	M	NN	man of the Li clan, from Huazhou Kuangcheng	mann av Li-slekten, fra Huazhou Kuangcheng	mand af Li-slægten, fra Huazhou Kuangcheng	man av Li-ätten, från Huazhou Kuangcheng	Mann des Klans Li, aus Huazhou Kuangcheng	man van de Li-clan, uit Huazhou Kuangcheng	hombre del clan Li, de Huazhou Kuangcheng	uomo del clan Li, da Huazhou Kuangcheng	homem do clã Li, de Huazhou Kuangcheng	home del clan Li, de Huazhou Kuangcheng
Q45647031	6000000074712367885	李	滑州匡城	Li	Huazhou Kuangcheng	M	NN	man of the Li clan, from Huazhou Kuangcheng	mann av Li-slekten, fra Huazhou Kuangcheng	mand af Li-slægten, fra Huazhou Kuangcheng	man av Li-ätten, från Huazhou Kuangcheng	Mann des Klans Li, aus Huazhou Kuangcheng	man van de Li-clan, uit Huazhou Kuangcheng	hombre del clan Li, de Huazhou Kuangcheng	uomo del clan Li, da Huazhou Kuangcheng	homem do clã Li, de Huazhou Kuangcheng	home del clan Li, de Huazhou Kuangcheng
Q45647089	6000000074711973166	李	滑州匡城	Li	Huazhou Kuangcheng	M	NN	man of the Li clan, from Huazhou Kuangcheng	mann av Li-slekten, fra Huazhou Kuangcheng	mand af Li-slægten, fra Huazhou Kuangcheng	man av Li-ätten, från Huazhou Kuangcheng	Mann des Klans Li, aus Huazhou Kuangcheng	man van de Li-clan, uit Huazhou Kuangcheng	hombre del clan Li, de Huazhou Kuangcheng	uomo del clan Li, da Huazhou Kuangcheng	homem do clã Li, de Huazhou Kuangcheng	home del clan Li, de Huazhou Kuangcheng
Q45647334	6000000074711720235	李	滑州匡城	Li	Huazhou Kuangcheng	M	NN	man of the Li clan, from Huazhou Kuangcheng	mann av Li-slekten, fra Huazhou Kuangcheng	mand af Li-slægten, fra Huazhou Kuangcheng	man av Li-ätten, från Huazhou Kuangcheng	Mann des Klans Li, aus Huazhou Kuangcheng	man van de Li-clan, uit Huazhou Kuangcheng	hombre del clan Li, de Huazhou Kuangcheng	uomo del clan Li, da Huazhou Kuangcheng	homem do clã Li, de Huazhou Kuangcheng	home del clan Li, de Huazhou Kuangcheng
Q45647512	6000000074711798229	李	滑州匡城	Li	Huazhou Kuangcheng	M	NN	man of the Li clan, from Huazhou Kuangcheng	mann av Li-slekten, fra Huazhou Kuangcheng	mand af Li-slægten, fra Huazhou Kuangcheng	man av Li-ätten, från Huazhou Kuangcheng	Mann des Klans Li, aus Huazhou Kuangcheng	man van de Li-clan, uit Huazhou Kuangcheng	hombre del clan Li, de Huazhou Kuangcheng	uomo del clan Li, da Huazhou Kuangcheng	homem do clã Li, de Huazhou Kuangcheng	home del clan Li, de Huazhou Kuangcheng
Q45647926	6000000074712157995	李	河南	Li	Henan	M	NN	man of the Li clan, from Henan	mann av Li-slekten, fra Henan	mand af Li-slægten, fra Henan	man av Li-ätten, från Henan	Mann des Klans Li, aus Henan	man van de Li-clan, uit Henan	hombre del clan Li, de Henan	uomo del clan Li, da Henan	homem do clã Li, de Henan	home del clan Li, de Henan
Q45648222	6000000074712403889	李	河南洛陽	Li	Henan Luoyang	M	NN	man of the Li clan, from Henan Luoyang	mann av Li-slekten, fra Henan Luoyang	mand af Li-slægten, fra Henan Luoyang	man av Li-ätten, från Henan Luoyang	Mann des Klans Li, aus Henan Luoyang	man van de Li-clan, uit Henan Luoyang	hombre del clan Li, de Henan Luoyang	uomo del clan Li, da Henan Luoyang	homem do clã Li, de Henan Luoyang	home del clan Li, de Henan Luoyang
Q45648878	6000000074749596118	薛	蒲州寶鼎	Xue	Puzhou Baoding	M	NN	man of the Xue clan, from Puzhou Baoding	mann av Xue-slekten, fra Puzhou Baoding	mand af Xue-slægten, fra Puzhou Baoding	man av Xue-ätten, från Puzhou Baoding	Mann des Klans Xue, aus Puzhou Baoding	man van de Xue-clan, uit Puzhou Baoding	hombre del clan Xue, de Puzhou Baoding	uomo del clan Xue, da Puzhou Baoding	homem do clã Xue, de Puzhou Baoding	home del clan Xue, de Puzhou Baoding
Q45648938	6000000074749860891	薛	蒲州寶鼎	Xue	Puzhou Baoding	M	NN	man of the Xue clan, from Puzhou Baoding	mann av Xue-slekten, fra Puzhou Baoding	mand af Xue-slægten, fra Puzhou Baoding	man av Xue-ätten, från Puzhou Baoding	Mann des Klans Xue, aus Puzhou Baoding	man van de Xue-clan, uit Puzhou Baoding	hombre del clan Xue, de Puzhou Baoding	uomo del clan Xue, da Puzhou Baoding	homem do clã Xue, de Puzhou Baoding	home del clan Xue, de Puzhou Baoding
Q45649066	6000000074711664244	李	河南	Li	Henan	M	NN	man of the Li clan, from Henan	mann av Li-slekten, fra Henan	mand af Li-slægten, fra Henan	man av Li-ätten, från Henan	Mann des Klans Li, aus Henan	man van de Li-clan, uit Henan	hombre del clan Li, de Henan	uomo del clan Li, da Henan	homem do clã Li, de Henan	home del clan Li, de Henan
Q45649184	6000000074712473839	李	趙州平棘	Li	Zhaozhou Pingji	M	NN	man of the Li clan, from Zhaozhou Pingji	mann av Li-slekten, fra Zhaozhou Pingji	mand af Li-slægten, fra Zhaozhou Pingji	man av Li-ätten, från Zhaozhou Pingji	Mann des Klans Li, aus Zhaozhou Pingji	man van de Li-clan, uit Zhaozhou Pingji	hombre del clan Li, de Zhaozhou Pingji	uomo del clan Li, da Zhaozhou Pingji	homem do clã Li, de Zhaozhou Pingji	home del clan Li, de Zhaozhou Pingji
Q45650019	6000000074712556837	李	趙州平棘	Li	Zhaozhou Pingji	M	NN	man of the Li clan, from Zhaozhou Pingji	mann av Li-slekten, fra Zhaozhou Pingji	mand af Li-slægten, fra Zhaozhou Pingji	man av Li-ätten, från Zhaozhou Pingji	Mann des Klans Li, aus Zhaozhou Pingji	man van de Li-clan, uit Zhaozhou Pingji	hombre del clan Li, de Zhaozhou Pingji	uomo del clan Li, da Zhaozhou Pingji	homem do clã Li, de Zhaozhou Pingji	home del clan Li, de Zhaozhou Pingji
Q45651316	6000000074749832855	薛	河南洛陽	Xue	Henan Luoyang	M	NN	man of the Xue clan, from Henan Luoyang	mann av Xue-slekten, fra Henan Luoyang	mand af Xue-slægten, fra Henan Luoyang	man av Xue-ätten, från Henan Luoyang	Mann des Klans Xue, aus Henan Luoyang	man van de Xue-clan, uit Henan Luoyang	hombre del clan Xue, de Henan Luoyang	uomo del clan Xue, da Henan Luoyang	homem do clã Xue, de Henan Luoyang	home del clan Xue, de Henan Luoyang
Q45651377	6000000074749845854	薛	河南洛陽	Xue	Henan Luoyang	M	NN	man of the Xue clan, from Henan Luoyang	mann av Xue-slekten, fra Henan Luoyang	mand af Xue-slægten, fra Henan Luoyang	man av Xue-ätten, från Henan Luoyang	Mann des Klans Xue, aus Henan Luoyang	man van de Xue-clan, uit Henan Luoyang	hombre del clan Xue, de Henan Luoyang	uomo del clan Xue, da Henan Luoyang	homem do clã Xue, de Henan Luoyang	home del clan Xue, de Henan Luoyang
Q45655203	6000000074787762414	鄭	河南府	Zheng	Henan Prefecture	M	NN	man of the Zheng clan, from Henan Prefecture	mann av Zheng-slekten, fra Henan Prefecture	mand af Zheng-slægten, fra Henan Prefecture	man av Zheng-ätten, från Henan Prefecture	Mann des Klans Zheng, aus Henan Prefecture	man van de Zheng-clan, uit Henan Prefecture	hombre del clan Zheng, de Henan Prefecture	uomo del clan Zheng, da Henan Prefecture	homem do clã Zheng, de Henan Prefecture	home del clan Zheng, de Henan Prefecture
Q45655848	6000000075399098218	李	京兆府	Li	Jingzhao Prefecture	M	NN	man of the Li clan, from Jingzhao Prefecture	mann av Li-slekten, fra Jingzhao Prefecture	mand af Li-slægten, fra Jingzhao Prefecture	man av Li-ätten, från Jingzhao Prefecture	Mann des Klans Li, aus Jingzhao Prefecture	man van de Li-clan, uit Jingzhao Prefecture	hombre del clan Li, de Jingzhao Prefecture	uomo del clan Li, da Jingzhao Prefecture	homem do clã Li, de Jingzhao Prefecture	home del clan Li, de Jingzhao Prefecture
Q45657616	6000000074759740953	韋	京兆杜陵	Wei	Jingzhao Duling	M	NN	man of the Wei clan, from Jingzhao Duling	mann av Wei-slekten, fra Jingzhao Duling	mand af Wei-slægten, fra Jingzhao Duling	man av Wei-ätten, från Jingzhao Duling	Mann des Klans Wei, aus Jingzhao Duling	man van de Wei-clan, uit Jingzhao Duling	hombre del clan Wei, de Jingzhao Duling	uomo del clan Wei, da Jingzhao Duling	homem do clã Wei, de Jingzhao Duling	home del clan Wei, de Jingzhao Duling
Q45657676	6000000075406114909	韋	京兆杜陵	Wei	Jingzhao Duling	M	NN	man of the Wei clan, from Jingzhao Duling	mann av Wei-slekten, fra Jingzhao Duling	mand af Wei-slægten, fra Jingzhao Duling	man av Wei-ätten, från Jingzhao Duling	Mann des Klans Wei, aus Jingzhao Duling	man van de Wei-clan, uit Jingzhao Duling	hombre del clan Wei, de Jingzhao Duling	uomo del clan Wei, da Jingzhao Duling	homem do clã Wei, de Jingzhao Duling	home del clan Wei, de Jingzhao Duling
Q45659526	6000000074759973855	韋	京兆杜陵	Wei	Jingzhao Duling	M	NN	man of the Wei clan, from Jingzhao Duling	mann av Wei-slekten, fra Jingzhao Duling	mand af Wei-slægten, fra Jingzhao Duling	man av Wei-ätten, från Jingzhao Duling	Mann des Klans Wei, aus Jingzhao Duling	man van de Wei-clan, uit Jingzhao Duling	hombre del clan Wei, de Jingzhao Duling	uomo del clan Wei, da Jingzhao Duling	homem do clã Wei, de Jingzhao Duling	home del clan Wei, de Jingzhao Duling
Q45659585	6000000074759851987	韋	京兆杜陵	Wei	Jingzhao Duling	M	NN	man of the Wei clan, from Jingzhao Duling	mann av Wei-slekten, fra Jingzhao Duling	mand af Wei-slægten, fra Jingzhao Duling	man av Wei-ätten, från Jingzhao Duling	Mann des Klans Wei, aus Jingzhao Duling	man van de Wei-clan, uit Jingzhao Duling	hombre del clan Wei, de Jingzhao Duling	uomo del clan Wei, da Jingzhao Duling	homem do clã Wei, de Jingzhao Duling	home del clan Wei, de Jingzhao Duling
Q45659766	6000000074759698000	韋	京兆杜陵	Wei	Jingzhao Duling	M	NN	man of the Wei clan, from Jingzhao Duling	mann av Wei-slekten, fra Jingzhao Duling	mand af Wei-slægten, fra Jingzhao Duling	man av Wei-ätten, från Jingzhao Duling	Mann des Klans Wei, aus Jingzhao Duling	man van de Wei-clan, uit Jingzhao Duling	hombre del clan Wei, de Jingzhao Duling	uomo del clan Wei, da Jingzhao Duling	homem do clã Wei, de Jingzhao Duling	home del clan Wei, de Jingzhao Duling
Q45660005	6000000074758956431	韋	京兆杜陵	Wei	Jingzhao Duling	M	NN	man of the Wei clan, from Jingzhao Duling	mann av Wei-slekten, fra Jingzhao Duling	mand af Wei-slægten, fra Jingzhao Duling	man av Wei-ätten, från Jingzhao Duling	Mann des Klans Wei, aus Jingzhao Duling	man van de Wei-clan, uit Jingzhao Duling	hombre del clan Wei, de Jingzhao Duling	uomo del clan Wei, da Jingzhao Duling	homem do clã Wei, de Jingzhao Duling	home del clan Wei, de Jingzhao Duling
Q45660063	6000000074759481162	韋	京兆杜陵	Wei	Jingzhao Duling	M	NN	man of the Wei clan, from Jingzhao Duling	mann av Wei-slekten, fra Jingzhao Duling	mand af Wei-slægten, fra Jingzhao Duling	man av Wei-ätten, från Jingzhao Duling	Mann des Klans Wei, aus Jingzhao Duling	man van de Wei-clan, uit Jingzhao Duling	hombre del clan Wei, de Jingzhao Duling	uomo del clan Wei, da Jingzhao Duling	homem do clã Wei, de Jingzhao Duling	home del clan Wei, de Jingzhao Duling
Q45660721	6000000074759838004	韋	京兆杜陵	Wei	Jingzhao Duling	M	NN	man of the Wei clan, from Jingzhao Duling	mann av Wei-slekten, fra Jingzhao Duling	mand af Wei-slægten, fra Jingzhao Duling	man av Wei-ätten, från Jingzhao Duling	Mann des Klans Wei, aus Jingzhao Duling	man van de Wei-clan, uit Jingzhao Duling	hombre del clan Wei, de Jingzhao Duling	uomo del clan Wei, da Jingzhao Duling	homem do clã Wei, de Jingzhao Duling	home del clan Wei, de Jingzhao Duling
Q45660780	6000000074759748034	韋	京兆杜陵	Wei	Jingzhao Duling	M	NN	man of the Wei clan, from Jingzhao Duling	mann av Wei-slekten, fra Jingzhao Duling	mand af Wei-slægten, fra Jingzhao Duling	man av Wei-ätten, från Jingzhao Duling	Mann des Klans Wei, aus Jingzhao Duling	man van de Wei-clan, uit Jingzhao Duling	hombre del clan Wei, de Jingzhao Duling	uomo del clan Wei, da Jingzhao Duling	homem do clã Wei, de Jingzhao Duling	home del clan Wei, de Jingzhao Duling
Q45660841	6000000074759093426	韋	京兆杜陵	Wei	Jingzhao Duling	M	NN	man of the Wei clan, from Jingzhao Duling	mann av Wei-slekten, fra Jingzhao Duling	mand af Wei-slægten, fra Jingzhao Duling	man av Wei-ätten, från Jingzhao Duling	Mann des Klans Wei, aus Jingzhao Duling	man van de Wei-clan, uit Jingzhao Duling	hombre del clan Wei, de Jingzhao Duling	uomo del clan Wei, da Jingzhao Duling	homem do clã Wei, de Jingzhao Duling	home del clan Wei, de Jingzhao Duling
Q45664697	6000000074760065877	韋	京兆杜陵	Wei	Jingzhao Duling	M	NN	man of the Wei clan, from Jingzhao Duling	mann av Wei-slekten, fra Jingzhao Duling	mand af Wei-slægten, fra Jingzhao Duling	man av Wei-ätten, från Jingzhao Duling	Mann des Klans Wei, aus Jingzhao Duling	man van de Wei-clan, uit Jingzhao Duling	hombre del clan Wei, de Jingzhao Duling	uomo del clan Wei, da Jingzhao Duling	homem do clã Wei, de Jingzhao Duling	home del clan Wei, de Jingzhao Duling
Q45664752	6000000074759634188	韋	京兆杜陵	Wei	Jingzhao Duling	M	NN	man of the Wei clan, from Jingzhao Duling	mann av Wei-slekten, fra Jingzhao Duling	mand af Wei-slægten, fra Jingzhao Duling	man av Wei-ätten, från Jingzhao Duling	Mann des Klans Wei, aus Jingzhao Duling	man van de Wei-clan, uit Jingzhao Duling	hombre del clan Wei, de Jingzhao Duling	uomo del clan Wei, da Jingzhao Duling	homem do clã Wei, de Jingzhao Duling	home del clan Wei, de Jingzhao Duling
Q45678944	6000000074750484836	郭	太原	Guo	Taiyuan	M	NN	man of the Guo clan, from Taiyuan	mann av Guo-slekten, fra Taiyuan	mand af Guo-slægten, fra Taiyuan	man av Guo-ätten, från Taiyuan	Mann des Klans Guo, aus Taiyuan	man van de Guo-clan, uit Taiyuan	hombre del clan Guo, de Taiyuan	uomo del clan Guo, da Taiyuan	homem do clã Guo, de Taiyuan	home del clan Guo, de Taiyuan
Q45682618	6000000074771325840	武	太原文水	Wu	Taiyuan Wenshui	M	NN	man of the Wu clan, from Taiyuan Wenshui	mann av Wu-slekten, fra Taiyuan Wenshui	mand af Wu-slægten, fra Taiyuan Wenshui	man av Wu-ätten, från Taiyuan Wenshui	Mann des Klans Wu, aus Taiyuan Wenshui	man van de Wu-clan, uit Taiyuan Wenshui	hombre del clan Wu, de Taiyuan Wenshui	uomo del clan Wu, da Taiyuan Wenshui	homem do clã Wu, de Taiyuan Wenshui	home del clan Wu, de Taiyuan Wenshui
Q45684235	6000000074730292935	蘇	京兆萬年	Su	Jingzhao Wannian	M	NN	man of the Su clan, from Jingzhao Wannian	mann av Su-slekten, fra Jingzhao Wannian	mand af Su-slægten, fra Jingzhao Wannian	man av Su-ätten, från Jingzhao Wannian	Mann des Klans Su, aus Jingzhao Wannian	man van de Su-clan, uit Jingzhao Wannian	hombre del clan Su, de Jingzhao Wannian	uomo del clan Su, da Jingzhao Wannian	homem do clã Su, de Jingzhao Wannian	home del clan Su, de Jingzhao Wannian
Q45685725	6000000074733283126	張	襄州襄陽	Zhang	Xiangzhou Xiangyang	M	NN	man of the Zhang clan, from Xiangzhou Xiangyang	mann av Zhang-slekten, fra Xiangzhou Xiangyang	mand af Zhang-slægten, fra Xiangzhou Xiangyang	man av Zhang-ätten, från Xiangzhou Xiangyang	Mann des Klans Zhang, aus Xiangzhou Xiangyang	man van de Zhang-clan, uit Xiangzhou Xiangyang	hombre del clan Zhang, de Xiangzhou Xiangyang	uomo del clan Zhang, da Xiangzhou Xiangyang	homem do clã Zhang, de Xiangzhou Xiangyang	home del clan Zhang, de Xiangzhou Xiangyang
Q45685758	6000000074733510901	張	襄州襄陽	Zhang	Xiangzhou Xiangyang	M	NN	man of the Zhang clan, from Xiangzhou Xiangyang	mann av Zhang-slekten, fra Xiangzhou Xiangyang	mand af Zhang-slægten, fra Xiangzhou Xiangyang	man av Zhang-ätten, från Xiangzhou Xiangyang	Mann des Klans Zhang, aus Xiangzhou Xiangyang	man van de Zhang-clan, uit Xiangzhou Xiangyang	hombre del clan Zhang, de Xiangzhou Xiangyang	uomo del clan Zhang, da Xiangzhou Xiangyang	homem do clã Zhang, de Xiangzhou Xiangyang	home del clan Zhang, de Xiangzhou Xiangyang
Q45686328	6000000074750615965	李	隴西狄道	Li	Longxi Didao	F	NN	woman of the Li clan, from Longxi Didao	kvinne av Li-slekten, fra Longxi Didao	kvinde af Li-slægten, fra Longxi Didao	kvinna av Li-ätten, från Longxi Didao	Frau des Klans Li, aus Longxi Didao	vrouw van de Li-clan, uit Longxi Didao	mujer del clan Li, de Longxi Didao	donna del clan Li, da Longxi Didao	mulher do clã Li, de Longxi Didao	dona del clan Li, de Longxi Didao
Q45691897	6000000074735111856	李	隴西狄道	Li	Longxi Didao	M	NN	man of the Li clan, from Longxi Didao	mann av Li-slekten, fra Longxi Didao	mand af Li-slægten, fra Longxi Didao	man av Li-ätten, från Longxi Didao	Mann des Klans Li, aus Longxi Didao	man van de Li-clan, uit Longxi Didao	hombre del clan Li, de Longxi Didao	uomo del clan Li, da Longxi Didao	homem do clã Li, de Longxi Didao	home del clan Li, de Longxi Didao
Q45692090	6000000074734908904	李	隴西狄道	Li	Longxi Didao	M	NN	man of the Li clan, from Longxi Didao	mann av Li-slekten, fra Longxi Didao	mand af Li-slægten, fra Longxi Didao	man av Li-ätten, från Longxi Didao	Mann des Klans Li, aus Longxi Didao	man van de Li-clan, uit Longxi Didao	hombre del clan Li, de Longxi Didao	uomo del clan Li, da Longxi Didao	homem do clã Li, de Longxi Didao	home del clan Li, de Longxi Didao
Q45692318	6000000074733774373	李	隴西狄道	Li	Longxi Didao	M	NN	man of the Li clan, from Longxi Didao	mann av Li-slekten, fra Longxi Didao	mand af Li-slægten, fra Longxi Didao	man av Li-ätten, från Longxi Didao	Mann des Klans Li, aus Longxi Didao	man van de Li-clan, uit Longxi Didao	hombre del clan Li, de Longxi Didao	uomo del clan Li, da Longxi Didao	homem do clã Li, de Longxi Didao	home del clan Li, de Longxi Didao
Q45692515	6000000074734614176	李	隴西狄道	Li	Longxi Didao	M	NN	man of the Li clan, from Longxi Didao	mann av Li-slekten, fra Longxi Didao	mand af Li-slægten, fra Longxi Didao	man av Li-ätten, från Longxi Didao	Mann des Klans Li, aus Longxi Didao	man van de Li-clan, uit Longxi Didao	hombre del clan Li, de Longxi Didao	uomo del clan Li, da Longxi Didao	homem do clã Li, de Longxi Didao	home del clan Li, de Longxi Didao
Q45692573	6000000074734626067	李	隴西狄道	Li	Longxi Didao	M	NN	man of the Li clan, from Longxi Didao	mann av Li-slekten, fra Longxi Didao	mand af Li-slægten, fra Longxi Didao	man av Li-ätten, från Longxi Didao	Mann des Klans Li, aus Longxi Didao	man van de Li-clan, uit Longxi Didao	hombre del clan Li, de Longxi Didao	uomo del clan Li, da Longxi Didao	homem do clã Li, de Longxi Didao	home del clan Li, de Longxi Didao
Q45692881	6000000074735220836	李	隴西狄道	Li	Longxi Didao	M	NN	man of the Li clan, from Longxi Didao	mann av Li-slekten, fra Longxi Didao	mand af Li-slægten, fra Longxi Didao	man av Li-ätten, från Longxi Didao	Mann des Klans Li, aus Longxi Didao	man van de Li-clan, uit Longxi Didao	hombre del clan Li, de Longxi Didao	uomo del clan Li, da Longxi Didao	homem do clã Li, de Longxi Didao	home del clan Li, de Longxi Didao
Q45692909	6000000074735242823	李	隴西狄道	Li	Longxi Didao	M	NN	man of the Li clan, from Longxi Didao	mann av Li-slekten, fra Longxi Didao	mand af Li-slægten, fra Longxi Didao	man av Li-ätten, från Longxi Didao	Mann des Klans Li, aus Longxi Didao	man van de Li-clan, uit Longxi Didao	hombre del clan Li, de Longxi Didao	uomo del clan Li, da Longxi Didao	homem do clã Li, de Longxi Didao	home del clan Li, de Longxi Didao
Q45692937	6000000074735167866	李	秦州成紀	Li	Qinzhou Chengji	M	NN	man of the Li clan, from Qinzhou Chengji	mann av Li-slekten, fra Qinzhou Chengji	mand af Li-slægten, fra Qinzhou Chengji	man av Li-ätten, från Qinzhou Chengji	Mann des Klans Li, aus Qinzhou Chengji	man van de Li-clan, uit Qinzhou Chengji	hombre del clan Li, de Qinzhou Chengji	uomo del clan Li, da Qinzhou Chengji	homem do clã Li, de Qinzhou Chengji	home del clan Li, de Qinzhou Chengji
Q45692964	6000000074734348216	李	揚州	Li	Yangzhou	M	NN	man of the Li clan, from Yangzhou	mann av Li-slekten, fra Yangzhou	mand af Li-slægten, fra Yangzhou	man av Li-ätten, från Yangzhou	Mann des Klans Li, aus Yangzhou	man van de Li-clan, uit Yangzhou	hombre del clan Li, de Yangzhou	uomo del clan Li, da Yangzhou	homem do clã Li, de Yangzhou	home del clan Li, de Yangzhou
Q45692991	6000000074734566061	李	隴西狄道	Li	Longxi Didao	M	NN	man of the Li clan, from Longxi Didao	mann av Li-slekten, fra Longxi Didao	mand af Li-slægten, fra Longxi Didao	man av Li-ätten, från Longxi Didao	Mann des Klans Li, aus Longxi Didao	man van de Li-clan, uit Longxi Didao	hombre del clan Li, de Longxi Didao	uomo del clan Li, da Longxi Didao	homem do clã Li, de Longxi Didao	home del clan Li, de Longxi Didao
Q45693019	6000000074734924896	李	隴西狄道	Li	Longxi Didao	M	NN	man of the Li clan, from Longxi Didao	mann av Li-slekten, fra Longxi Didao	mand af Li-slægten, fra Longxi Didao	man av Li-ätten, från Longxi Didao	Mann des Klans Li, aus Longxi Didao	man van de Li-clan, uit Longxi Didao	hombre del clan Li, de Longxi Didao	uomo del clan Li, da Longxi Didao	homem do clã Li, de Longxi Didao	home del clan Li, de Longxi Didao
Q45693047	6000000074735066888	李	隴西狄道	Li	Longxi Didao	M	NN	man of the Li clan, from Longxi Didao	mann av Li-slekten, fra Longxi Didao	mand af Li-slægten, fra Longxi Didao	man av Li-ätten, från Longxi Didao	Mann des Klans Li, aus Longxi Didao	man van de Li-clan, uit Longxi Didao	hombre del clan Li, de Longxi Didao	uomo del clan Li, da Longxi Didao	homem do clã Li, de Longxi Didao	home del clan Li, de Longxi Didao
Q45697303	6000000074733815490	李	隴西狄道	Li	Longxi Didao	M	NN	man of the Li clan, from Longxi Didao	mann av Li-slekten, fra Longxi Didao	mand af Li-slægten, fra Longxi Didao	man av Li-ätten, från Longxi Didao	Mann des Klans Li, aus Longxi Didao	man van de Li-clan, uit Longxi Didao	hombre del clan Li, de Longxi Didao	uomo del clan Li, da Longxi Didao	homem do clã Li, de Longxi Didao	home del clan Li, de Longxi Didao
Q45698977	6000000074735334881	李	隴西狄道	Li	Longxi Didao	M	NN	man of the Li clan, from Longxi Didao	mann av Li-slekten, fra Longxi Didao	mand af Li-slægten, fra Longxi Didao	man av Li-ätten, från Longxi Didao	Mann des Klans Li, aus Longxi Didao	man van de Li-clan, uit Longxi Didao	hombre del clan Li, de Longxi Didao	uomo del clan Li, da Longxi Didao	homem do clã Li, de Longxi Didao	home del clan Li, de Longxi Didao
Q45699052	6000000074734832149	李	隴西狄道	Li	Longxi Didao	M	NN	man of the Li clan, from Longxi Didao	mann av Li-slekten, fra Longxi Didao	mand af Li-slægten, fra Longxi Didao	man av Li-ätten, från Longxi Didao	Mann des Klans Li, aus Longxi Didao	man van de Li-clan, uit Longxi Didao	hombre del clan Li, de Longxi Didao	uomo del clan Li, da Longxi Didao	homem do clã Li, de Longxi Didao	home del clan Li, de Longxi Didao
Q45699104	6000000074734883050	李	隴西狄道	Li	Longxi Didao	M	NN	man of the Li clan, from Longxi Didao	mann av Li-slekten, fra Longxi Didao	mand af Li-slægten, fra Longxi Didao	man av Li-ätten, från Longxi Didao	Mann des Klans Li, aus Longxi Didao	man van de Li-clan, uit Longxi Didao	hombre del clan Li, de Longxi Didao	uomo del clan Li, da Longxi Didao	homem do clã Li, de Longxi Didao	home del clan Li, de Longxi Didao
Q45699589	6000000074735098001	李	潤州	Li	Runzhou	M	NN	man of the Li clan, from Runzhou	mann av Li-slekten, fra Runzhou	mand af Li-slægten, fra Runzhou	man av Li-ätten, från Runzhou	Mann des Klans Li, aus Runzhou	man van de Li-clan, uit Runzhou	hombre del clan Li, de Runzhou	uomo del clan Li, da Runzhou	homem do clã Li, de Runzhou	home del clan Li, de Runzhou
Q45699613	6000000074735369892	李	潤州	Li	Runzhou	M	NN	man of the Li clan, from Runzhou	mann av Li-slekten, fra Runzhou	mand af Li-slægten, fra Runzhou	man av Li-ätten, från Runzhou	Mann des Klans Li, aus Runzhou	man van de Li-clan, uit Runzhou	hombre del clan Li, de Runzhou	uomo del clan Li, da Runzhou	homem do clã Li, de Runzhou	home del clan Li, de Runzhou
Q45699639	6000000074734626218	李	潤州	Li	Runzhou	M	NN	man of the Li clan, from Runzhou	mann av Li-slekten, fra Runzhou	mand af Li-slægten, fra Runzhou	man av Li-ätten, från Runzhou	Mann des Klans Li, aus Runzhou	man van de Li-clan, uit Runzhou	hombre del clan Li, de Runzhou	uomo del clan Li, da Runzhou	homem do clã Li, de Runzhou	home del clan Li, de Runzhou
Q45699665	6000000074735183926	李	潤州	Li	Runzhou	M	NN	man of the Li clan, from Runzhou	mann av Li-slekten, fra Runzhou	mand af Li-slægten, fra Runzhou	man av Li-ätten, från Runzhou	Mann des Klans Li, aus Runzhou	man van de Li-clan, uit Runzhou	hombre del clan Li, de Runzhou	uomo del clan Li, da Runzhou	homem do clã Li, de Runzhou	home del clan Li, de Runzhou
Q45699690	6000000074735358890	李	潤州	Li	Runzhou	M	NN	man of the Li clan, from Runzhou	mann av Li-slekten, fra Runzhou	mand af Li-slægten, fra Runzhou	man av Li-ätten, från Runzhou	Mann des Klans Li, aus Runzhou	man van de Li-clan, uit Runzhou	hombre del clan Li, de Runzhou	uomo del clan Li, da Runzhou	homem do clã Li, de Runzhou	home del clan Li, de Runzhou
Q45699766	6000000074735206954	李	隴西狄道	Li	Longxi Didao	M	NN	man of the Li clan, from Longxi Didao	mann av Li-slekten, fra Longxi Didao	mand af Li-slægten, fra Longxi Didao	man av Li-ätten, från Longxi Didao	Mann des Klans Li, aus Longxi Didao	man van de Li-clan, uit Longxi Didao	hombre del clan Li, de Longxi Didao	uomo del clan Li, da Longxi Didao	homem do clã Li, de Longxi Didao	home del clan Li, de Longxi Didao
Q45699789	6000000074734774120	李	隴西狄道	Li	Longxi Didao	M	NN	man of the Li clan, from Longxi Didao	mann av Li-slekten, fra Longxi Didao	mand af Li-slægten, fra Longxi Didao	man av Li-ätten, från Longxi Didao	Mann des Klans Li, aus Longxi Didao	man van de Li-clan, uit Longxi Didao	hombre del clan Li, de Longxi Didao	uomo del clan Li, da Longxi Didao	homem do clã Li, de Longxi Didao	home del clan Li, de Longxi Didao
Q45699816	6000000074735148982	李	隴西狄道	Li	Longxi Didao	M	NN	man of the Li clan, from Longxi Didao	mann av Li-slekten, fra Longxi Didao	mand af Li-slægten, fra Longxi Didao	man av Li-ätten, från Longxi Didao	Mann des Klans Li, aus Longxi Didao	man van de Li-clan, uit Longxi Didao	hombre del clan Li, de Longxi Didao	uomo del clan Li, da Longxi Didao	homem do clã Li, de Longxi Didao	home del clan Li, de Longxi Didao
Q45699868	6000000074734329258	李	隴西狄道	Li	Longxi Didao	M	NN	man of the Li clan, from Longxi Didao	mann av Li-slekten, fra Longxi Didao	mand af Li-slægten, fra Longxi Didao	man av Li-ätten, från Longxi Didao	Mann des Klans Li, aus Longxi Didao	man van de Li-clan, uit Longxi Didao	hombre del clan Li, de Longxi Didao	uomo del clan Li, da Longxi Didao	homem do clã Li, de Longxi Didao	home del clan Li, de Longxi Didao
Q45700460	6000000074735603821	李	秦州成紀	Li	Qinzhou Chengji	M	NN	man of the Li clan, from Qinzhou Chengji	mann av Li-slekten, fra Qinzhou Chengji	mand af Li-slægten, fra Qinzhou Chengji	man av Li-ätten, från Qinzhou Chengji	Mann des Klans Li, aus Qinzhou Chengji	man van de Li-clan, uit Qinzhou Chengji	hombre del clan Li, de Qinzhou Chengji	uomo del clan Li, da Qinzhou Chengji	homem do clã Li, de Qinzhou Chengji	home del clan Li, de Qinzhou Chengji
Q45700483	6000000074735422902	李	秦州成紀	Li	Qinzhou Chengji	M	NN	man of the Li clan, from Qinzhou Chengji	mann av Li-slekten, fra Qinzhou Chengji	mand af Li-slægten, fra Qinzhou Chengji	man av Li-ätten, från Qinzhou Chengji	Mann des Klans Li, aus Qinzhou Chengji	man van de Li-clan, uit Qinzhou Chengji	hombre del clan Li, de Qinzhou Chengji	uomo del clan Li, da Qinzhou Chengji	homem do clã Li, de Qinzhou Chengji	home del clan Li, de Qinzhou Chengji
Q45700509	6000000074735304930	李	秦州成紀	Li	Qinzhou Chengji	M	NN	man of the Li clan, from Qinzhou Chengji	mann av Li-slekten, fra Qinzhou Chengji	mand af Li-slægten, fra Qinzhou Chengji	man av Li-ätten, från Qinzhou Chengji	Mann des Klans Li, aus Qinzhou Chengji	man van de Li-clan, uit Qinzhou Chengji	hombre del clan Li, de Qinzhou Chengji	uomo del clan Li, da Qinzhou Chengji	homem do clã Li, de Qinzhou Chengji	home del clan Li, de Qinzhou Chengji
Q45700685	6000000074735384847	李	秦州成紀	Li	Qinzhou Chengji	M	NN	man of the Li clan, from Qinzhou Chengji	mann av Li-slekten, fra Qinzhou Chengji	mand af Li-slægten, fra Qinzhou Chengji	man av Li-ätten, från Qinzhou Chengji	Mann des Klans Li, aus Qinzhou Chengji	man van de Li-clan, uit Qinzhou Chengji	hombre del clan Li, de Qinzhou Chengji	uomo del clan Li, da Qinzhou Chengji	homem do clã Li, de Qinzhou Chengji	home del clan Li, de Qinzhou Chengji
