geni_id	qid	geni_name	jawiki_title	reading	state	evidence_strength
6000000001894339140	Q6639775	眞龍院 真理姫 武田	真竜院		needs a human: first parenthetical is '眞龍院、しんりゅういん、天文19年（1550年） - 正保4年7月7日（1647'	1 hop(s)
6000000002431546793	Q11582686	大伴 県犬養	県犬養大伴		needs a human: nested parenthesis, 'あがた（の）いぬかい の おおとも' — optional infix or two whole readings?	5 hop(s)
6000000001749793129	Q11464139	小野殿 井口	小野殿		needs a human: nested parenthesis, 'おのどの（不詳 -天正元年（1573年）9月19日）' — optional infix or two whole readings?	1 hop(s)
6000000003128075427	Q11567717	煕子	煕子女王		needs a human: nested parenthesis, 'きし（ひろこ）じょおう' — optional infix or two whole readings?	name form
6000000007170838222	Q11623099	原子 藤原	藤原原子		needs a human: nested parenthesis, 'ふじわら の げんし（もとこ）' — optional infix or two whole readings?	name form
6000000007162104277	Q18925903	君仁 萎宮	君仁親王		needs a human: no parenthetical in the lead	1 hop(s)
6000000002967976670	Q11355811	実万 三条	三条公修	さんじょう きんおさ	reading	1 hop(s)
6000000001908419547	Q20040422	実治 正親町三条	三条実治 (南北朝時代)	さんじょう さねはる	reading	1 hop(s)
6000000002968012396	Q11355836	実起 三条	三条実起	さんじょう さねおき	reading	1 hop(s)
6000000002485643175	Q8514762	定勝 上杉	上杉定勝	うえすぎ さだかつ	reading	1 hop(s)
6000000001998436373	Q108780843	忠頼 中山	中山忠頼	なかやま ただより	reading	1 hop(s)
6000000010702330086	Q91089384	可多能祜 中臣	中臣可多能祜	なかとみ の かたのこ	reading	1 hop(s)
6000000001976402540	Q3200253	尚経 九条	九条尚経	くじょう ひさつね	reading	1 hop(s)
6000000001976255607	Q3200260	政基 九条	九条政基	くじょう まさもと	reading	1 hop(s)
6000000001996687020	Q3200263	道房 九条	九条道房	くじょう みちふさ	reading	1 hop(s)
6000000001824750460	Q3341472	尚基 二条	二条尚基	にじょう ひさもと	reading	1 hop(s)
6000000001824142118	Q3341470	尹房 二条	二条尹房	にじょう ただふさ	reading	1 hop(s)
6000000001914026101	Q3341475	政嗣 二条	二条政嗣	にじょう まさつぐ	reading	1 hop(s)
6000000001824108913	Q3341486	斉信 二条	二条斉信	にじょう なりのぶ	reading	1 hop(s)
6000000008727568988	Q3073063	斉敬 二条	二条斉敬	にじょう なりゆき	reading	1 hop(s)
6000000001748924354	Q1051724	昭実 二条	二条昭実	にじょう あきざね	reading	1 hop(s)
6000000001894302513	Q1068004	仙桃院 長尾	仙桃院	せんとういん	reading	1 hop(s)
6000000001754215618	Q11385833	保明	保明親王	やすあきらしんのう	reading	1 hop(s)
6000000002211839210	Q8514891	政長 内藤	内藤政長	ないとう まさなが	reading	1 hop(s)
6000000006824381138	Q60452149	荒尾御前 善応院 荒尾	善応院	ぜんおういん	reading	1 hop(s)
6000000008736990756	Q110174532	隆光 柳原	園基万	その もとぼく	reading	1 hop(s)
6000000006903931050	Q11423475	久脩 土御門	土御門久脩	つちみかど ひさなが	reading	1 hop(s)
6000000010702392716	Q106090508	智仙姫 中臣	大伴智仙娘	おおとものちせんのいらつめ	reading	1 hop(s)
6000000001752066502	Q7004583	勝姫 天崇院 徳川	天崇院	てんすういん	reading	1 hop(s)
6000000007020262279	Q11447194	範煕 妻木	妻木広忠	つまき ひろただ	reading	1 hop(s)
6000000002240521350	Q10859969	長祐 小笠原	小笠原長祐	おがさわら ながすけ	reading	1 hop(s)
6000000002862652374	Q95163090	重政 岡	岡重政	おか しげまさ	reading	1 hop(s)
6000000001749895042	Q1050395	初 常高院 浅井	常高院	じょうこういん	reading	1 hop(s)
6000000001896784185	Q11483021	時信 平	平時信	たいら の ときのぶ	reading	1 hop(s)
6000000008193052072	Q95162083	康資	康資王	やすすけおう	reading	1 hop(s)
6000000001751891996	Q843245	光友 徳川	徳川光友	とくがわ みつとも	reading	1 hop(s)
6000000008263250277	Q3530494	達孝 徳川	徳川達孝	とくがわ さとたか	reading	1 hop(s)
6000000001829353551	Q11072254	志貴	志貴皇子	しきのみこ	reading	1 hop(s)
6000000001829598117	Q11497661	彦人	押坂彦人大兄皇子	おしさかのひこひとのおおえのみこ	reading	1 hop(s)
6000000001750027002	Q9475948	摩阿 加賀殿 前田	摩阿姫	まあひめ	reading	1 hop(s)
6000000007170598558	Q11499564	敦道	敦道親王	あつみちしんのう	reading	1 hop(s)
6000000001806560608	Q110086132	見星院 阿知和	於久の方	おひさのかた	reading	1 hop(s)
6000000001906667883	Q106722859	時光 日野	日野時光	ひの ときみつ	reading	1 hop(s)
6000000001763815335	Q17228448	幸 前田	春桂院	しゅんけいいん	reading	1 hop(s)
6000000002968933022	Q10898949	千世 春香院 前田	春香院	しゅんこういん	reading	1 hop(s)
6000000001999592033	Q13309047	有明	有明親王	ありあきらしんのう	reading	1 hop(s)
6000000002211093089	Q11518035	重頼 左兵衛 金森	木下弥右衛門	きのした やえもん	reading	1 hop(s)
6000000002269427597	Q6416834	義昌 木曾	木曾義昌	きそ よしまさ	reading	1 hop(s)
6000000001749769541	Q11253422	定利 杉原	杉原定利	すぎはら さだとし	reading	1 hop(s)
6000000210408647882	Q10870554	坂上	東漢駒	やまとのあや の こま	reading	1 hop(s)
6000000002831351553	Q24875376	仲遠 橘	橘仲遠	たちばな の なかとお	reading	1 hop(s)
6000000007162505749	Q11544267	島田麻呂 橘	橘島田麻呂	たちばな の しまだまろ	reading	1 hop(s)
6000000007162873400	Q11544325	澄清 橘	橘澄清	たちばな の すみきよ	reading	1 hop(s)
6000000208925745854	Q11545656	公則 正親町三条	正親町三条公則	おおぎまちさんじょう きんのり	reading	1 hop(s)
6000000037090753149	Q11552418	穆夫 沈	沈穆夫	しん ぼくふ	reading	1 hop(s)
6000000001758376766	Q11560258	深芳野 斎藤	深芳野 (斎藤道三側室)	みよしの	reading	1 hop(s)
6000000008025332401	Q17502448	清仁	清仁親王	きよひとしんのう	reading	1 hop(s)
6000000002837049030	Q18336830	夏野 清原	清原道雄	きよはら の みちお	reading	1 hop(s)
6000000001914309038	Q11564032	国信 源	源国信	みなもと の くにざね	reading	1 hop(s)
6000000001809557155	Q11564069	師房 源	源師房	みなもと の もろふさ	reading	1 hop(s)
6000000002440474568	Q11564070	師隆 源	源師隆	みなもと の もろたか	reading	1 hop(s)
6000000012562147201	Q11564103	源扶義	源扶義	みなもと の すけのり	reading	1 hop(s)
6000000001933440156	Q18235612	隆俊 源	源隆俊	みなもと の たかとし	reading	1 hop(s)
6000000007171289537	Q11567175	為尊	為尊親王	ためたかしんのう	reading	1 hop(s)
6000000002440591934	Q11567177	為平	為平親王	ためひらしんのう	reading	1 hop(s)
6000000001751715788	Q11071642	珠 天徳院 徳川	珠姫	たまひめ	reading	1 hop(s)
6000000006805449343	Q11573615	満宮	理豊女王	りほうじょおう	reading	1 hop(s)
6000000001903698846	Q11604780	糠手	糠手姫皇女	ぬかでひめのひめみこ	reading	1 hop(s)
6000000001749058424	Q11608264	信光 孫三郎 織田	織田信光	おだ のぶみつ	reading	1 hop(s)
6000000001748867302	Q11608270	信吉 織田	織田信吉	おだ のぶよし	reading	1 hop(s)
6000000001749021258	Q11608277	信定 織田	織田信定	おだ のぶさだ	reading	1 hop(s)
6000000001749170506	Q11608386	敏定 織田	織田敏定	おだ としさだ	reading	1 hop(s)
6000000007323307374	Q7141693	義演 二条	義演	ぎえん	reading	1 hop(s)
6000000001752120627	Q11613124	振 自証院 岡	自証院	じしょういん	reading	1 hop(s)
6000000001922493256	Q30119663	総継 藤原	菅野高年	すがの の たかとし	reading	1 hop(s)
6000000021260871234	Q4391801	承之 嗣伯 南蘭陵	蕭承之	しょう しょうし	reading	1 hop(s)
6000000007179224352	Q110206665	伊実 藤原	藤原伊実	ふじわら の これざね	reading	1 hop(s)
6000000007161385263	Q11623024	伊通 藤原	藤原伊通	ふじわら の これみち	reading	1 hop(s)
6000000012055674592	Q3090629	公季 藤原	藤原公季	ふじわら の きんすえ	reading	1 hop(s)
6000000002841286235	Q11623133	大継 藤原	藤原大継	ふじわら の おおつぐ	reading	1 hop(s)
6000000002415964471	Q11623143	経実 藤原	藤原季成	ふじわら の すえなり	reading	1 hop(s)
6000000001977692739	Q11623184	宣孝 藤原	藤原宣孝	ふじわら の のぶたか	reading	1 hop(s)
6000000001906690494	Q11623214	山蔭 藤原	藤原山蔭	ふじわら の やまかげ	reading	1 hop(s)
6000000002177649260	Q22126851	忠君 藤原	藤原忠君	ふじわら の ただきみ	reading	1 hop(s)
6000000002175669163	Q11623317	時姫 藤原	藤原時姫	ふじわら の ときひめ	reading	1 hop(s)
6000000002848296255	Q3090622	浜成 藤原	藤原浜成	ふじわら の はまなり	reading	1 hop(s)
6000000001977847579	Q11623396	為輔 藤原	藤原為輔	ふじわら の ためすけ	reading	1 hop(s)
6000000009103594401	Q11623444	長穀 小笠原	藤原範兼	ふじわら の のりかね	reading	1 hop(s)
6000000002415177442	Q11623462	経平 藤原	藤原経平	ふじわら の つねひら	reading	1 hop(s)
6000000002849628133	Q11623477	縄主 藤原	藤原縄主	ふじわら の ただぬし	reading	1 hop(s)
6000000001934946355	Q583698	道隆 関白 藤原	藤原道隆	ふじわらの みちたか	reading	1 hop(s)
6000000002417016265	Q106410415	頼成 藤原	藤原頼成	ふじわら の よりなり	reading	1 hop(s)
6000000007180381330	Q109287795	頼房 藤原	藤原頼房	ふじわら の よりふさ	reading	1 hop(s)
6000000002369402702	Q11623649	顕頼 藤原	藤原顕頼	ふじわら の あきより	reading	1 hop(s)
6000000007162364222	Q11630325	覚快	覚快法親王	かくかいほっしんのう	reading	1 hop(s)
6000000001904877082	Q985724	託基	託基皇女	たきのひめみこ	reading	1 hop(s)
6000000001749849221	Q8011153	捨 豊臣	豊臣鶴松	とよとみ つるまつ	reading	1 hop(s)
6000000009103365864	Q106653129	長穀正室 小笠原	関口夫人	せきぐちふじん	reading	1 hop(s)
6000000002848872048	Q11657231	阿保 親王	阿保親王	あぼしんのう	reading	1 hop(s)
6000000007170580029	Q11658871	隆円 藤原	隆円	りゅうえん	reading	1 hop(s)
6000000007170257948	Q11673209	成忠 高階	高階成忠	たかしな の なりただ	reading	1 hop(s)
6000000001752381265	Q923033	信房 鷹司	鷹司信房	たかつかさ のぶふさ	reading	1 hop(s)
6000000001751329692	Q10436552	亀 相応院 志水	お亀の方	おかめのかた	reading	2 hop(s)
6000000001758539879	Q109918523	信豊室 六角	お牧の方	おまきのかた	reading	2 hop(s)
6000000008737044883	Q13565736	南加 中山	中山南加	なかやま なか	reading	2 hop(s)
6000000001998943132	Q109795830	忠尹 中山	中山忠尹	なかやま ただまさ	reading	2 hop(s)
6000000001751670163	Q4489959	亀 盛徳院 徳川	亀姫 (徳川家康長女)	かめひめ	reading	2 hop(s)
6000000003266344683	Q11376346	仁実 藤原	仁実	にんじつ	reading	2 hop(s)
6000000001893949378	Q10368377	松姫 信松尼 武田	信松尼	しんしょうに	reading	2 hop(s)
6000000001770743870	Q5365763	定頼 六角	六角定頼	ろっかく さだより	reading	2 hop(s)
6000000003029045711	Q8514963	政晴 内藤	内藤政晴	ないとう まさはる	reading	2 hop(s)
6000000001752046615	Q7004785	初 興安院 徳川	初姫	はつひめ	reading	2 hop(s)
6000000002493382022	Q11397442	利治 前田	前田利治	まえだ としはる	reading	2 hop(s)
6000000001763705564	Q6729103	長種 前田	前田長種	まえだ ながたね	reading	2 hop(s)
6000000001932117148	Q11400597	尹豊 勧修寺	勧修寺尹豊	かじゅうじ ただとよ	reading	2 hop(s)
6000000001760353891	Q11400603	新上東門院	勧修寺晴子	かじゅうじ はるこ	reading	2 hop(s)
6000000002580718989	Q11422785	英知 小出	園基福	その もとよし	reading	2 hop(s)
6000000006903824096	Q11423481	有脩 土御門	土御門有脩	つちみかど ありなが	reading	2 hop(s)
6000000002705978289	Q11432010	教寛 大久保	大久保教近	おおくぼ のりちか	reading	2 hop(s)
6000000002125954147	Q11432119	大井の方 大井	大井の方	おおいのかた	reading	2 hop(s)
6000000001905998462	Q11445795	貞能 奥平	奥平定能	おくだいら さだよし	reading	2 hop(s)
6000000001806576165	Q7005005	熊 妙光院 松平	妙高院	みょうこういん	reading	2 hop(s)
6000000001752224123	Q5362720	蘭 宝樹院 青木	宝樹院 (徳川家光側室)	ほうじゅいん	reading	2 hop(s)
6000000208813828827	Q11464914	尼子娘 胸形	尼子娘	あまこのいらつめ	reading	2 hop(s)
6000000001891501432	Q13365626	豊昌 山内	山内豊昌	やまうち とよまさ	reading	2 hop(s)
6000000001751782068	Q5367216	市 徳川	市姫	いちひめ	reading	2 hop(s)
6000000001896757102	Q17996186	知信 平	平知信	たいら の とものぶ	reading	2 hop(s)
6000000007212885310	Q7140443	鶴 松平	廉貞院	れんていいん	reading	2 hop(s)
6000000008025252074	Q95162004	延信 源	延信王	のぶざねおう	reading	2 hop(s)
6000000007170078581	Q7813728	徳一 藤原	徳一	とくいつ	reading	2 hop(s)
6000000002368889503	Q11090427	利治 新五郎 斎藤	斎藤利治	さいとう としはる	reading	2 hop(s)
6000000001758642410	Q11087937	光安 明智	明智光安	あけち みつやす	reading	2 hop(s)
6000000001775378135	Q11068750	経景 朝倉	朝倉経景	あさくら つねかげ	reading	2 hop(s)
6000000001775268263	Q11068758	貞景 朝倉	朝倉貞景 (4代当主)	あさくら さだかげ	reading	2 hop(s)
6000000001806854034	Q11093359	忠高 本多	本多忠高	ほんだ ただたか	reading	2 hop(s)
6000000002968892289	Q11523022	長次 村井	村井長次	むらいながつぐ	reading	2 hop(s)
6000000001774367189	Q10729440	朝久 島津	松平定行	まつだいら さだゆき	reading	2 hop(s)
6000000001774856024	Q11530401	定頼 松平	松平定頼	まつだいら さだより	reading	2 hop(s)
6000000211692993829	Q10729498	家乗 松平	松平家乗	まつだいら いえのり	reading	2 hop(s)
6000000001765040424	Q22124554	新左衛門尉 長井	松波庄五郎	ながい しんさえもんのじょう	reading	2 hop(s)
6000000007162911281	Q11544271	常主 橘	橘常主	たちばな の つねぬし	reading	2 hop(s)
6000000002211460688	Q111023915	忠知正室 内藤	正寿院 (蒲生忠知正室)	しょうじゅいん	reading	2 hop(s)
6000000001751704574	Q4489975	振 正清院 徳川	正清院	しょうせいいん	reading	2 hop(s)
6000000001908509086	Q20039035	公秀 正親町三条	正親町三条公秀	おおぎまちさんじょう きんひで	reading	2 hop(s)
6000000001908484250	Q20040421	公明 正親町三条	正親町三条実仲	さんじょう さねなか	reading	2 hop(s)
6000000001894712005	Q6639853	信清 武田	武田信清	たけだ のぶきよ	reading	2 hop(s)
6000000001868455854	Q6639945	信縄 武田	武田信縄	たけだ のぶつな	reading	2 hop(s)
6000000001758580408	Q11546111	信豊 武田	武田信豊 (若狭武田氏)	たけだ のぶとよ	reading	2 hop(s)
6000000008384731047	Q1142657	為賢 藤谷	毛利輝元	もうり てるもと	reading	2 hop(s)
6000000001748945395	Q10470260	永 玉泉院 織田	永姫	えいひめ	reading	2 hop(s)
6000000001881624069	Q17192875	恒利 池田	池田恒利	いけだ つねとし	reading	2 hop(s)
6000000001893668943	Q6639601	信玄側室 油川	油川殿	あぶらかわどの	reading	2 hop(s)
6000000001765775305	Q1185281	亮政 浅井	浅井亮政	あざい すけまさ	reading	2 hop(s)
6000000002232706479	Q11557318	光晟 浅野	浅野光晟	あさの みつあきら	reading	2 hop(s)
6000000007163899677	Q11563993	保光 源	源保光	みなもと の やすみつ	reading	2 hop(s)
6000000001749058207	Q17217673	充房正室 織田	源光院 (人物)	げんこういん	reading	2 hop(s)
6000000007164530269	Q17214196	延光 源	源延光	みなもと の のぶみつ	reading	2 hop(s)
6000000009880139347	Q11564249	源経頼	源経頼	みなもと の つねより	reading	2 hop(s)
6000000007164407323	Q11564322	重光 源	源重光	みなもと の しげみつ	reading	2 hop(s)
6000000218454708883	Q11564521	溶姫 德川	溶姫	やすひめ	reading	2 hop(s)
6000000008118669418	Q45828490	教俊 百済王	百済王教俊	くだらのこにきし きょうしゅん	reading	2 hop(s)
6000000001748980084	Q10470236	冬 相応院 織田	相応院 (蒲生氏郷正室)	そうおういん	reading	2 hop(s)
6000000002420197205	Q11582687	県犬養 広刀自	県犬養広刀自	あがたいぬかい の ひろとじ	reading	2 hop(s)
6000000001894269549	Q11594499	禰津御寮人 武田	禰津御寮人	ねづごりょうにん	reading	2 hop(s)
6000000001751536197	Q4415657	瀬名 築山殿 関口	築山殿	つきやまどの	reading	2 hop(s)
6000000002160065116	Q24868439	橡媛 紀	紀橡姫	き の とちひめ	reading	2 hop(s)
6000000008115568617	Q50640448	緒継	緒継女王	おつぐじょおう	reading	2 hop(s)
6000000001750082027	Q1079925	信包 織田	織田信包	おだ のぶかね	reading	2 hop(s)
6000000001748688217	Q4215814	信時 織田	織田信時	おだ のぶとき	reading	2 hop(s)
6000000001748672602	Q10470120	信正 織田	織田信正	おだ のぶまさ	reading	2 hop(s)
6000000001809284272	Q11608327	信良 織田	織田信良	おだ のぶよし	reading	2 hop(s)
6000000001748654436	Q10470212	信高 織田	織田信高	おだ のぶたか	reading	2 hop(s)
6000000001749770464	Q11610207	秀勝 羽柴	羽柴秀勝 (石松丸)	はしば ひでかつ	reading	2 hop(s)
6000000004302197568	Q11611016	聖恵法親王	聖恵法親王	しょうえほっしんのう	reading	2 hop(s)
6000000002232925571	Q11612770	満姫 前田	自昌院	じしょういん	reading	2 hop(s)
6000000007162104355	Q11615207	在良女 菅原	花園左大臣家小大進	はなぞのさだいじんけのこだいしん	reading	2 hop(s)
6000000001752147371	Q24875659	お琴の方 芳心院	芳心院 (徳川家光側室)	ほうしんいん	reading	2 hop(s)
6000000001809973003	Q11618436	善次 荒尾	荒尾善次	あらお よしつぐ	reading	2 hop(s)
6000000001977551481	Q11619170	孝標 菅原	菅原孝標	すがわら の たかすえ	reading	2 hop(s)
6000000001894523083	Q6639684	菊 武田	菊姫 (上杉景勝正室)	きくひめ	reading	2 hop(s)
6000000021261145902	Q11622122	道度 蘭陵	蕭道度	しょう どうど	reading	2 hop(s)
6000000021260918603	Q11622123	道生 南蘭陵	蕭道生	しょう どうせい	reading	2 hop(s)
6000000004328661581	Q11623020	伊房 藤原	藤原伊房	ふじわら の これふさ	reading	2 hop(s)
6000000002202343280	Q11623060	元名 藤原	藤原元名	ふじわら の もとな	reading	2 hop(s)
6000000001934551042	Q11623128	基頼 藤原	藤原基頼	ふじわら の もとより	reading	2 hop(s)
6000000007180646210	Q11623152	守義 藤原	藤原守義	ふじわら の もりよし	reading	2 hop(s)
6000000002416500120	Q11623155	宗俊 藤原	藤原宗俊	ふじわら の むねとし	reading	2 hop(s)
6000000002416128495	Q11623164	宗通 藤原	藤原宗通	ふじわら の むねみち	reading	2 hop(s)
6000000012054694908	Q7223087	実宗 藤原	藤原実宗	ふじわら の さねむね	reading	2 hop(s)
6000000012055006047	Q11623176	実成 藤原	藤原実成	ふじわら の さねなり	reading	2 hop(s)
6000000001907023679	Q11623183	実綱 藤原	藤原実綱	ふじわら の さねつな	reading	2 hop(s)
6000000012051338196	Q11623222	師保 藤原	藤原師保	ふじわら の もろやす	reading	2 hop(s)
6000000002416619310	Q11623223	師兼 藤原	藤原師兼	ふじわら の もろかね	reading	2 hop(s)
6000000012053742323	Q11623226	師氏 藤原	藤原師氏	ふじわら の もろうじ	reading	2 hop(s)
6000000002415127989	Q11623275	懐平 藤原	藤原懐平	ふじわら の かねひら	reading	2 hop(s)
6000000003126637970	Q11623295	敦敏 藤原	藤原敦敏	ふじわら の あつとし	reading	2 hop(s)
6000000003127468974	Q11623301	斉敏 藤原	藤原斉敏	ふじわら の ただとし	reading	2 hop(s)
6000000002838114502	Q11623336	有貞 藤原	藤原有貞	ふじわら の ありさだ	reading	2 hop(s)
6000000001977716610	Q15043477	朝頼 藤原	藤原朝頼	ふじわら の あさより	reading	2 hop(s)
6000000002202569275	Q11623384	清経 藤原	藤原清経	ふじわら の きよつね	reading	2 hop(s)
6000000007180401211	Q11623395	為通 藤原	藤原為通	ふじわら の ためみち	reading	2 hop(s)
6000000001907439024	Q11623425	真夏 藤原	藤原真夏	ふじわら の まなつ	reading	2 hop(s)
6000000002415081732	Q11623467	経通 藤原	藤原経通	ふじわら の つねみち	reading	2 hop(s)
6000000001931435056	Q11623585	通基 藤原	藤原通基 (大蔵卿)	ふじわら の みちもと	reading	2 hop(s)
6000000012051931144	Q11623587	通季 藤原	藤原通季	ふじわら の みちすえ	reading	2 hop(s)
6000000007170742522	Q11623596	道頼 藤原	藤原道頼	ふじわら の みちより	reading	2 hop(s)
6000000001977907478	Q15839369	隆光 藤原	藤原隆光	ふじわら の たかみつ	reading	2 hop(s)
6000000009302575451	Q79736697	隆方 藤原	藤原隆方	ふじわら の たかかた	reading	2 hop(s)
6000000002372093131	Q11623642	頼任 藤原	藤原頼任	ふじわら の よりとう	reading	2 hop(s)
6000000007170880427	Q24863699	頼親 藤原	藤原頼親	ふじわら の よりちか	reading	2 hop(s)
6000000002157973224	Q106495270	顕憲 藤原	藤原顕憲	ふじわら の あきのり	reading	2 hop(s)
6000000001906746410	Q11623651	高房 藤原	藤原高房	ふじわら の たかふさ	reading	2 hop(s)
6000000002995244956	Q26213743	高嶷 藤堂	藤堂高兌	とうどう たかさわ	reading	2 hop(s)
6000000001751551064	Q1045995	西郷局 竜泉院 戸塚	西郷局	さいごうのつぼね	reading	2 hop(s)
6000000001894266160	Q8193299	諏訪御料人 諏訪	諏訪御料人	すわごりょうにん	reading	2 hop(s)
6000000001809591607	Q11653022	お保良 長昌院	長昌院	ちょうしょういん	reading	2 hop(s)
6000000001773875613	Q11654929	長齢院 竹野	長齢院	ちょうれいいん	reading	2 hop(s)
6000000004163104529	Q106650694	清次 内藤	関兼貞	せき かねさだ	reading	2 hop(s)
6000000001806438433	Q109595830	玄鉄 右衛門 阿知和	阿知和玄鉄	あちわ げんてつ	reading	2 hop(s)
6000000002849180662	Q24868480	難波	難波内親王	なにわないしんのう	reading	2 hop(s)
6000000001752140473	Q7005290	千代姫 霊仙院 徳川	霊仙院	れいせんいん	reading	2 hop(s)
6000000002980543691	Q7138704	教輔室 池田	靖厳院	せいげんいん	reading	2 hop(s)
6000000001752215185	Q5362031	夏 順性院 藤枝	順性院	じゅんしょういん	reading	2 hop(s)
6000000007157019273	Q110713840	実顕 阿野	風早公雄	かざはや きみお	reading	2 hop(s)
6000000007156854482	Q110726422	公景 姉小路	風早実秋	かざはや さねあき	reading	2 hop(s)
6000000001748573794	Q11666829	養徳院 池田	養徳院	ようとくいん	reading	2 hop(s)
6000000002241744479	Q6636811	春 高原院 浅野	高原院	こうげんいん	reading	2 hop(s)
6000000008025421829	Q106433835	明順 高階	高階明順	たかしな の あきのぶ	reading	2 hop(s)
6000000001782852630	Q11353132	元有 細川	一色満範	いっしき みつのり	reading	3 hop(s)
6000000001908014037	Q11376938	能通 藤原	今川範忠	いまがわ のりただ	reading	3 hop(s)
6000000001931983684	Q109287985	貞遠 伊勢	伊勢貞遠	いせ さだとお	reading	3 hop(s)
6000000001770917132	Q2890348	高頼 六角	六角高頼	ろっかく たかより	reading	3 hop(s)
6000000002232978085	Q10517436	亀 本多	円照院	えんしょういん	reading	3 hop(s)
6000000133689267860	Q26248568	和乙継	和乙継	やまと の おとつぐ	reading	3 hop(s)
6000000013331296246	Q109173757	石霞 怡瑩 唐	唐石霞	とうせきか	reading	3 hop(s)
6000000002580852776	Q109796885	英利 小出	園基勝	その もとかつ	reading	3 hop(s)
6000000003186859965	Q109799130	英貞 小出	園基香	その もとたか	reading	3 hop(s)
6000000210408834830	Q97341863	坂上	坂上大国	さかのうえ の おおくに	reading	3 hop(s)
6000000210409014823	Q97341865	坂上	坂上首名	さかのうえ の くびな	reading	3 hop(s)
6000000002232468766	Q10856541	忠知 小笠原	小笠原忠知	おがさわら ただとも	reading	3 hop(s)
6000000001882094627	Q8192119	秀政 小笠原	小笠原秀政	おがさわら ひでまさ	reading	3 hop(s)
6000000002232975225	Q10856584	長宣 小笠原	小笠原長宣	おがさわら ながのぶ	reading	3 hop(s)
6000000002681148002	Q11483151	武綱 秩父	平武綱	たいら の たけつな	reading	3 hop(s)
6000000008652935068	Q89521260	行親 平	平行親	たいら の ゆきちか	reading	3 hop(s)
6000000008652993646	Q17225467	親信 平	平親信	たいら の ちかのぶ	reading	3 hop(s)
6000000008737237569	Q701641	蘭 瓜爾佳	幼蘭	ようらん	reading	3 hop(s)
6000000008261513710	Q106708896	重資 庭田	庭田重資	にわた しげすけ	reading	3 hop(s)
6000000016130573875	Q99517149	登美 恩地	恩地トミ	おんち とみ	reading	3 hop(s)
6000000001874392418	Q11068736	氏景 朝倉	朝倉氏景 (3代当主)	あさくら うじかげ	reading	3 hop(s)
6000000001806828275	Q11520040	忠豊 本多	本多忠豊	ほんだ ただとよ	reading	3 hop(s)
6000000001809171449	Q7004359	光松院 織田	松孝院	しょうこういん	reading	3 hop(s)
6000000007212103289	Q11530400	定長 松平	松平定長	まつだいら さだなが	reading	3 hop(s)
6000000006855687440	Q8515976	重直 松平	松平重直	まつだいら しげなお	reading	3 hop(s)
6000000007162799539	Q11544185	三夏 橘	橘三夏	たちばな の みなつ	reading	3 hop(s)
6000000007162950201	Q11544232	安喜雄 橘	橘安吉雄	たちばな の あきお	reading	3 hop(s)
6000000001908572106	Q11545659	公氏 正親町三条	正親町三条公氏	おおぎまちさんじょう きんうじ	reading	3 hop(s)
6000000001916965494	Q5369237	信勝 武田	武田信勝	たけだ のぶかつ	reading	3 hop(s)
6000000002367680991	Q11546122	信高 武田	武田元光	たけだ もとみつ	reading	3 hop(s)
6000000008132916184	Q106760246	基家 小机	河崎重家	かわさき しげいえ	reading	3 hop(s)
6000000009894821218	Q7223074	実雄 洞院	洞院実雄	とういん さねお	reading	3 hop(s)
6000000001762032228	Q6997589	大姫 清泰院 徳川	清泰院 (前田光高正室)	せいたいいん	reading	3 hop(s)
6000000001773332170	Q11574913	家宗 生駒	生駒家宗	いこま いえむね	reading	3 hop(s)
6000000002210376049	Q10856577	登久 峯高院 松平	登久姫	とくひめ	reading	3 hop(s)
6000000008118941417	Q11580789	俊哲 百済王	百済王俊哲	くだらのこにきし しゅんてつ	reading	3 hop(s)
6000000002159893414	Q11605109	諸人 紀	紀諸人	き の もろひと	reading	3 hop(s)
6000000007730719661	Q109849406	頼業 葉室	葉室頼業	はむろ よりかず	reading	3 hop(s)
6000000001773861856	Q8513824	忠知 蒲生	蒲生忠知	がもう ただとも	reading	3 hop(s)
6000000002839207398	Q97636286	人数 藤原	藤原人数	ふじわら の ひとかず	reading	3 hop(s)
6000000007180389448	Q106293021	仲保 藤原	藤原公利	ふじわら の きみとし	reading	3 hop(s)
6000000007162730277	Q11623104	吉野 藤原	藤原吉野	ふじわら の よしの	reading	3 hop(s)
6000000002416479066	Q11623159	宗忠 藤原	藤原宗忠	ふじわら の むねただ	reading	3 hop(s)
6000000002416276234	Q11623162	宗能 藤原	藤原宗能	ふじわら の むねよし	reading	3 hop(s)
6000000009880095594	Q11623181	実経 藤原	藤原実経	ふじわら の さねつね	reading	3 hop(s)
6000000002157976148	Q11623412	盛実 藤原	藤原盛実	ふじわら の もりざね	reading	3 hop(s)
6000000007162629640	Q11623474	縄継 藤原	藤原綱継	ふじわら の つなつぐ	reading	3 hop(s)
6000000009879973346	Q124483480	良経 藤原	藤原良経 (平安時代中期の貴族)	ふじわら の よしつね	reading	3 hop(s)
6000000008201989052	Q11623529	行経 藤原	藤原行経	ふじわら の ゆきつね	reading	3 hop(s)
6000000007162293692	Q11623624	関雄 藤原	藤原関雄	ふじわら の せきお	reading	3 hop(s)
6000000002494644742	Q10856319	衛友 谷	谷衛友	たに もりとも	reading	3 hop(s)
6000000001933159603	Q11651502	行兼 藤原	長信	ちょうしん	reading	3 hop(s)
6000000001750721339	Q11651545	小督 長勝院 永見	長勝院	ちょうしょういん	reading	3 hop(s)
6000000004163690722	Q11651975	長岌 諏訪	長岌	ちょうきゅう	reading	3 hop(s)
6000000008369791006	Q110874195	実種 風早	風早公元	かざはや きみもと	reading	3 hop(s)
6000000008369461114	Q110886408	公雄 風早	風早公紀	かざはや きんこと	reading	3 hop(s)
6000000006895360215	Q11668788	永慶 高倉	高倉永慶	たかくら ながよし	reading	3 hop(s)
6000000008025426414	Q106433860	成順 高階	高階成順	たかしな の なりのぶ	reading	3 hop(s)
6000000001916923599	Q11642024	遠山夫人 織田	龍勝院	りゅうしょういん	reading	3 hop(s)
6000000002968029509	Q11355812	公兼 三条	三条公兼	さんじょう きんかね	reading	4 hop(s)
6000000002968082251	Q11355834	実秀 左大臣 三条	三条実秀	さんじょう さねひで	reading	4 hop(s)
6000000003187856211	Q110174337	英筠 小出	園基茂	その もとしげ	reading	4 hop(s)
6000000210408834842	Q11424810	坂上	坂上老	さかのうえ の おきな	reading	4 hop(s)
6000000006994338541	Q11449186	興家 宇喜多	宇喜多興家	うきた おきいえ	reading	4 hop(s)
6000000002580552014	Q11466763	正弘(宗永) 山口	山口宗永	やまぐち むねなが	reading	4 hop(s)
6000000008133573627	Q11483150	武基 秩父	平武基	たいら の たけもと	reading	4 hop(s)
6000000008652888700	Q11483540	行義 平	平行義	たいら の ゆきよし	reading	4 hop(s)
6000000010120739929	Q4990857	穎 愛新覺羅 三	愛新覚羅韞穎	あいしんかくら おんよう	reading	4 hop(s)
6000000001908545007	Q17213898	公貫 正親町三条	正親町三条公貫	おおぎまちさんじょう きんつら	reading	4 hop(s)
6000000001908563013	Q20039036	実蔭 正親町三条	正親町三条実蔭	おおぎまちさんじょう さねかげ	reading	4 hop(s)
6000000004405344748	Q11546121	元光 武田	武田元信	たけだ もとのぶ	reading	4 hop(s)
6000000001751619339	Q118746933	吉英 永見	永見吉英	ながみ よしひで	reading	4 hop(s)
6000000009827936989	Q17213407	有雄 清原	清原有雄	きよはら の ありお	reading	4 hop(s)
6000000003126586583	Q17230451	泰清 源	源泰清	みなもと の やすきよ	reading	4 hop(s)
6000000001933062981	Q95162404	能俊 源	源能俊	みなもと の よしとし	reading	4 hop(s)
6000000001773538118	Q5368466	定秀 蒲生	蒲生定秀	がもう さだひで	reading	4 hop(s)
6000000002157907316	Q106450897	憲輔 藤原	藤原憲輔	ふじわら の のりすけ	reading	4 hop(s)
6000000001950633478	Q11623498	秀郷 藤原	藤原良世	ふじわら の よしよ	reading	4 hop(s)
6000000001907614031	Q3198713	兼嗣 近衛	近衛兼嗣	このえ かねつぐ	reading	4 hop(s)
6000000001907491490	Q3198726	忠嗣 近衛	近衛忠嗣	このえ ただつぐ	reading	4 hop(s)
6000000002593071078	Q11355814	公広 権大納言 三条	三条公広	さんじょう きんひろ	reading	5 hop(s)
6000000002968040971	Q11355832	実治 左大臣 三条	三条実治	さんじょう さねはる	reading	5 hop(s)
6000000001893845662	Q108056668	種利 前田	前田種利	まえだ たねとし	reading	5 hop(s)
6000000006993840787	Q11449185	能家 宇喜多	宇喜多能家	うきた よしいえ	reading	5 hop(s)
6000000002580553038	Q11466828	弘定 左馬助 山口	山口弘定	やまぐち ひろさだ	reading	5 hop(s)
6000000001868783054	Q6639877	信重 武田	武田信重	たけだ のぶしげ	reading	5 hop(s)
6000000001868362418	Q6639705	元信 武田	武田国信	たけだ くにのぶ	reading	5 hop(s)
6000000001998436039	Q6951120	為広 冷泉	毛利豊元	もうり とよもと	reading	5 hop(s)
6000000001998394324	Q11547671	為富 冷泉	毛利煕元	もうり ひろもと	reading	6 hop(s)
6000000001950861953	Q106451664	頼行 藤原	藤原邦恒	ふじわら の くにつね	reading	6 hop(s)
6000000001950766294	Q11623599	兼光 藤原	藤原邦昌	ふじわら の くにまさ	reading	7 hop(s)
6000000002982955773	Q11355838	季晴 三条	三条季晴	さんじょう すえはる	reading	name form
6000000002968077297	Q11355829	実顕 三条	三条実顕	さんじょう さねあき	reading	name form
6000000004100737740	Q11355852	国儔 畠山	三条西季知	さんじょうにし すえとも	reading	name form
6000000004100900137	Q136214367	国祐 畠山	三条西実勲	さんじょうにし さねいさ	reading	name form
6000000010702048905	Q11366911	御食子 中臣	中臣御食子	なかとみ の みけこ	reading	name form
6000000002578989154	Q11370812	寧子 宝珠院 徳川	亀姫 (松平忠直の娘)	かめひめ	reading	name form
6000000002241741445	Q6636741	絲子 普峯院 徳川	京姫	きょうひめ	reading	name form
6000000001880575515	Q10517461	勝子 円盛院 本多	円盛院	えんせいいん	reading	name form
6000000001760470709	Q10901487	藤子 豊楽門院 勧修寺	勧修寺藤子	かじゅうじ ふじこ	reading	name form
6000000008269675131	Q11408990	経子 德川	博恭王妃経子	ひろやすおうひ つねこ	reading	name form
6000000007020591103	Q11447199	煕子 妻木	妻木煕子	つまき ひろこ	reading	name form
6000000008290721387	Q106480877	清子 島津	島津清子	しまづ きよこ	reading	name form
6000000008322738159	Q11488058	頼子 有馬	彰仁親王妃頼子	あきひとしんのうひ よりこ	reading	name form
6000000008262022824	Q111108255	知子 島津	徳川知子	とくがわ ともこ	reading	name form
6000000008025328200	Q95161308	悰子	悰子内親王	そうしないしんのう	reading	name form
6000000001766024152	Q11510634	資子 日野西	日野西資子	ひのにし すけこ	reading	name form
6000000006805142084	Q11512051	明子	明子女王	あきこじょおう	reading	name form
6000000002485365537	Q11536669	桂岩院 四辻	桂岩院	けいがんいん	reading	name form
6000000001774326151	Q11541718	清政 榊原	榊原清政	さかきばら きよまさ	reading	name form
6000000001773909812	Q109679023	長政 榊原	榊原長政	さかきばら ながまさ	reading	name form
6000000002190429591	Q11544279	徳子 橘	橘徳子	たちばな の とくし	reading	name form
6000000037091035842	Q6765384	林子 敬士 吳興武康	沈林子	しん りんし	reading	name form
6000000001749775130	Q11153648	万福丸 浅井	浅井万福丸	あざい まんぷくまる	reading	name form
6000000001933446325	Q106269195	周子 源	源周子	みなもと の ちかこ	reading	name form
6000000008201390067	Q11578702	重能 畠山	畠山重能	はたけやま しげよし	reading	name form
6000000001774235600	Q861797	鶴姫 榊原	福正院	ふくしょういん	reading	name form
6000000007161998447	Q95162482	禧子	禧子内親王	きしないしんのう	reading	name form
6000000012593614229	Q862582	夙子 九条	英照皇太后	えいしょうこうたいごう	reading	name form
6000000218451283821	Q7139926	範子 九条	菊麿王妃範子	きくまろおうひ のりこ	reading	name form
6000000002816650226	Q11623185	宮子 藤原	藤原宮子	ふじわら の みやこ	reading	name form
6000000002189590553	Q11623279	懿子 源	藤原成子	ふじわら の しげこ	reading	name form
6000000003127273387	Q97674245	数子 藤原	藤原数子	ふじわら の かずこ	reading	name form
6000000002419815206	Q11623305	旅子 藤原	藤原旅子	ふじわら の たびこ	reading	name form
6000000009826833630	Q13368464	盛子 藤原	藤原盛子 (藤原経邦女)	ふじわら の せいし	reading	name form
6000000012925035669	Q11623484	美都子 藤原	藤原美都子	ふじわら の みつこ	reading	name form
6000000002849626216	Q10514092	薬子 藤原	藤原薬子	ふじわら の くすこ	reading	name form
6000000002415281255	Q11623536	親子 藤原	藤原親子	ふじわら の しんし	reading	name form
6000000002816432266	Q13635359	長娥子 藤原	藤原長娥子	ふじわら の ながこ	reading	name form
6000000023809764252	Q2193667	蒜子 河南陽翟	褚蒜子	ちょ さんし	reading	name form
6000000002191738396	Q7141819	貞子	貞子内親王	ていしないしんのう	reading	name form
6000000214153192822	Q108111356	好子 醍醐	邦憲王妃好子	くにのりおうひ よしこ	reading	name form
6000000031444620144	Q7140740	景子 鷹司	鷹司景子	たかつかさ ひろこ	reading	name form
6000000001906155148	Q105260083	於ふう 奥平	おふう	おふう	reading from the title, which is already kana	2 hop(s)
6000000001748661095	Q4207778	土田御前 土田	土田御前	どたごぜん/つちだごぜん	variants	1 hop(s)
6000000001749883334	Q1325288	江 崇源院 浅井	崇源院	すうげんいん / そうげんいん	variants	1 hop(s)
6000000002180281625	Q11493875	愛 藤原	愛宮	あいみや/あいのみや	variants	1 hop(s)
6000000001758739061	Q1071045	濃 斎藤	濃姫	のうひめ / のひめ	variants	1 hop(s)
6000000001749096089	Q11608422	良頼 藤左衛門 織田	織田良頼	おだ すけより/ながより	variants	1 hop(s)
6000000002838115444	Q11623421	真作 藤原	藤原真作	ふじわら の まつくり /またなり /まさか	variants	1 hop(s)
6000000003128141403	Q11623435	福当麻呂 藤原	藤原福当麻呂	ふじわら の ふたきまろ/ふたぎまろ	variants	1 hop(s)
6000000001998042210	Q5354432	秀勝 豊臣	豊臣秀勝	とよとみ ひでかつ / とよとみ の ひでかつ	variants	1 hop(s)
6000000001749926124	Q313641	秀頼 豊臣	豊臣秀頼	とよとみ ひでより / とよとみ の ひでより	variants	1 hop(s)
6000000002520750737	Q837179	頼芸 美濃守 土岐	土岐頼芸	とき  / よりのり/ よりあき / よりなり / よりよし	variants	2 hop(s)
6000000002803388109	Q11452212	定恵 藤原	定恵	じょうえ / じょうけい	variants	2 hop(s)
6000000001758657554	Q11034693	小見の方 明智	小見の方	おみのかた / こみのかた	variants	2 hop(s)
6000000001821260623	Q982743	綱誠 徳川	徳川綱誠	とくがわ つなのぶ/つななり	variants	2 hop(s)
6000000001748699599	Q4327464	吉乃 生駒	生駒吉乃	いこま きつの／よしの	variants	2 hop(s)
6000000001903977375	Q11617199	茅渟	茅渟王	ちぬのおおきみ / ちぬのみこ	variants	2 hop(s)
6000000002531963071	Q11400604	晴豊 勧修寺	勧修寺晴豊	かじゅうじ はるとよ / はれとよ	variants	3 hop(s)
6000000002232963326	Q10856547	小笠原忠雄	小笠原忠雄	おがさわら ただたか/ただかつ	variants	3 hop(s)
6000000002431821665	Q109287902	唐 県犬養	県犬養唐	あがたいぬかい の もろこし／から	variants	3 hop(s)
6000000001896703385	Q11061157	滋子 平	平滋子	たいら の じし／しげこ	variants	name form
6000000001754185261	Q11486251	康子	康子内親王	やすこないしんのう/こうしないしんのう	variants	name form
6000000012634764260	Q11563997	倫子 原	源倫子	みなもと の りんし/みちこ/ともこ	variants	name form
6000000001934715122	Q11564114	明子 源	源明子	みなもと の めいし/みなもと の あきらけいこ	variants	name form
6000000002442394187	Q11564340	順子 源	源順子	みなもと の じゅんし/のぶこ	variants	name form
6000000002189422977	Q11564375	麗子 源	源麗子	みなもと の れいし/うるわしきこ	variants	name form
6000000007162199250	Q11605021	家子 紀	紀家子	き の けし/いえこ	variants	name form
6000000007181015359	Q11623073	全子 藤原	藤原全子	ふじわらの ぜんし/ またこ	variants	name form
6000000001914071654	Q15838925	尊子 藤原	藤原尊子 (藤原道長女)	ふじわら の そんし/たかこ	variants	name form
6000000002176368254	Q11623369	沢子 藤原	藤原沢子	ふじわら の たくし/さわこ	variants	name form
6000000002840816074	Q48765260	河子 藤原	藤原河子	ふじわら の かわこ / かし	variants	name form
6000000007161918481	Q4168118	泰子 高陽院 藤原	藤原泰子	ふじわらの たいし/やすこ	variants	name form
6000000001809511354	Q11623447	範子 藤原	藤原範子	ふじわら の はんし/ のりこ	variants	name form
6000000001753932209	Q11623488	胤子 藤原	藤原胤子	ふじわら の いんし/たねこ	variants	name form
6000000012634226481	Q5507520	賢子 源	藤原賢子	ふじわら の けんし/かたいこ	variants	name form
6000000010702248921	Q11625197	娼子 蘇我	蘇我娼子	そがのしょうし／そがのまさこ	variants	name form
6000000002932818640	Q5354510	完子 豊臣	豊臣完子	とよとみ さだこ / とよとみ の さだこ	variants	name form
