verdict	qid	geni_a	geni_b	supporting	against	names
CORROBORATED	Q130391088	4913726906610024668	6000000017971574617	fathers 4913735229900074272 + 6000000018197588373 co-carried by Q4139580		Dymitry Glebovich Rurikov | Dmitriy Glebovich Rurikid
CORROBORATED	Q13478526	6000000013766131859	6000000080810418078	fathers 6000000008537579083 + 6000000080795286877 co-carried by Q4097582		Vasilko II Bryachislavich of V | ?
CORROBORATED	Q13478538	6000000008785883861	6000000080817176840	fathers 6000000013766131859 + 6000000080810418078 co-carried by Q13478526		Lyubava Vasilkovna of Vitebsk | ?
CORROBORATED	Q2080596	4363184995560049059	6000000180986157821	fathers 6000000000671822547 + 6000000179389495866 co-carried by Q244852		Koriat Mikhail, prince of Nava | Koriat
CORROBORATED	Q244852	6000000000671822547	6000000179389495866	fathers 6000000020985906917 + 6000000179697104858 co-carried by Q638646		Gediminas, Grand Duke of Lithu | Gediminas
CORROBORATED	Q2621664	4363152365890123437	6000000090936564822	fathers 6000000000671822547 + 6000000179389495866 co-carried by Q244852		Narymunt Gleb Gleb Giedymidis  | Narimantas Gediminaitis
CORROBORATED	Q3920891	6000000011770233298	6000000080886919102	fathers 6000000007171629271 + 6000000080879890850 co-carried by Q2632610		Wasilko Wołodarowicz Prince of | ?
CORROBORATED	Q66438379	6000000024778341822	6000000184795855851	fathers 6000000024777532686 + 6000000018171165192 co-carried by Q66534565		Vasily Mikhailovich Drutsky | Vasil Mikhailovich Drutski
CONTRADICTED	Q1121345	6000000007376934082	6000000080876897426		fathers 6000000038475458965 and 6000000080877835024 on different items	Vyachko of Koknese Principalit | ?
CONTRADICTED	Q12085112	6000000019589207004	6000000080892097734		fathers 6000000002187837808 and 6000000002187837843 on different items	Bryachislav Davydovich of Izya | ?
CONTRADICTED	Q13478569	6000000002240822537	6000000080810860893		fathers 6000000013765885870 and 6000000080795286877 on different items	Princess Alexandra (Paraskeva) | ?
CONTRADICTED	Q15615597	6000000006727876082	6000000020992263311		fathers 6000000007171629271 and 6000000003049156212 on different items | mothers 5235605714220070458 and 6000000003087125859 on different items	Svyatopolk Duke Of Novgorod Vo | ?
CONTRADICTED	Q17095892	6000000014058991722	6000000014878152198		fathers 6000000031614493911 and 6000000003524588434 on different items	Anna Worotyńska | Anna Fedkaitė Korybut
CONTRADICTED	Q22774427	6000000074758467512	6000000074759288919		fathers 6000000074758704275 and 6000000074759331885 on different items	? | ?
CONTRADICTED	Q2587652	6000000033241523682	6000000184583916097		fathers 4363184995560049059 and 6000000003521266933 on different items	prince Constantine Koriat | Constantine Olgerdovich of Cha
CONTRADICTED	Q3918735	6000000012580992305	6000000175526147872		fathers 6000000011835630616 and 6000000013765885870 on different items	"Constantine ""Armless"" son of T | Constantine ""Armless"" ???"
CONTRADICTED	Q4113037	6000000034638041217	6000000073473851821		fathers 6000000002187837447 and 6000000073472698862 on different items	Vladimir Glebovich | Vladimir Rostislavich
CONTRADICTED	Q4273436	6000000002003837593	6000000017687692040		fathers 6000000017695098287 and 6000000017693128850 on different items	Pakubuwono V | Pakubuwana V Sunan Sugih Raden
CONTRADICTED	Q47306394	6000000003523237946	6000000064526129883		fathers 6000000001389864086 and 6000000064526895824 on different items	Sofija Sapiegaitė | Sofija Sapiegaitė
CONTRADICTED	Q638599	6000000009129141310	6000000080834032500		fathers 6000000003858589110 and 6000000009825686337 on different items	Daumantas Romantaitis of Utena | Daumantas Mindaugaitis Mindaug
CONTRADICTED	Q638646	6000000020985906917	6000000179697104858		fathers 6000000011855024217 and 6000000173139788139 on different items	Pucuwerus Butvydas of Lithuani | Butvydas Pukuveras
NO EVIDENCE	Q104717485	6000000012481742068	6000000016365474593			Fryderyk Sapieha-Koden | Teodoras Sapiega
NO EVIDENCE	Q104755784	5477503367560083505	6000000035017580401			Wolf Rubensson | Ruben Wulff
NO EVIDENCE	Q10721233	6000000074767506018	6000000074767547840			? | ?
NO EVIDENCE	Q10721524	6000000074767464979	6000000074767755875			? | ?
NO EVIDENCE	Q11087518	6000000074750800003	6000000074767273172			? | ?
NO EVIDENCE	Q11097545	6000000074735059038	6000000074735329020			? | ?
NO EVIDENCE	Q11978726	6000000020050914098	6000000105491391008			Johan Georg Müller | Johan Georg Møller
NO EVIDENCE	Q121643089	6000000003645772949	6000000195144093842			NN Håkonsdatter mother of Ivar | Ragnild Ingeborg Håkonsdatter
NO EVIDENCE	Q122925422	6000000038414606035	6000000038414714892			Raina Regina Sapieha | Wasylisa ??? Sapieha
NO EVIDENCE	Q122925764	6000000041241763571	6000000041241858399			Tomas Stanislaus Sapiega | Stanislovas Sapiega
NO EVIDENCE	Q122925808	6000000020070514278	6000000041763756822			Anna Sapiega | Aleksandra Sapieha
NO EVIDENCE	Q123182145	6000000021077665995	6000000186395139495			Constança Maria da Conceição B | Constança Maria Conceição Berq
NO EVIDENCE	Q140354402	6000000016751327433	6000000041177692728			Teodora Kurcz h. Radwan | Teresė Kurčaitė
NO EVIDENCE	Q15954845	6000000074750788964	6000000074766717720			? | ?
NO EVIDENCE	Q16630592	4915441647200047771	6000000018169602518			? | Vladimiras
NO EVIDENCE	Q17045022	6000000007377273393	6000000177596210821			Vsevolod Glebovich of Iziaslav | Vsevolod Glebovich of Izyaslav
NO EVIDENCE	Q1893528	6000000003645697517	6000000009458314295			Marcia Regia | Pompeia
NO EVIDENCE	Q20101126	6000000003827464536	6000000009126264881			Smassmann von Rappoltstein Her | Sassmann (Maximin) I. Graf von
NO EVIDENCE	Q2026887	6000000002512346178	6000000071619545883			Sofia Volodarsdatter von Polot | Sofija Volodaraitė
NO EVIDENCE	Q2241510	5235605714220070458	6000000033201846251			Rikissa of Sweden of Poland | Ryksa of Poland
NO EVIDENCE	Q22813498	6000000075060771886	6000000075060896873			? | ?
NO EVIDENCE	Q233444	6000000000700912476	6000000008218463991			Scribonia | Clodia Pulchra
NO EVIDENCE	Q237156	6000000002187617608	6000000003513191421			Laodice I | Laodice
NO EVIDENCE	Q25483915	6000000003828254510	6000000014961432483			Gebhard von Querfurt-Magdeburg | Gerhard lV von Querfurt-Magdeb
NO EVIDENCE	Q2607489	6000000014925718454	6000000041298129918			Voytek Moniwid | Albertas Jonaitis Manvydas
NO EVIDENCE	Q2632610	6000000007171629271	6000000080879890850			Volodar Glebovich of Polotsk P | ?
NO EVIDENCE	Q2994313	6000000003858589110	6000000008312444741			Romund „Wolf“ Giligino sūnus o | Vitenas Volk Davilovich iš Riu
NO EVIDENCE	Q4097582	6000000008537579083	6000000080795286877			Bracheslav Vasylkovich Polozki | ?
NO EVIDENCE	Q4139580	4913735229900074272	6000000018197588373			Gleb, Grand Prince of Smolensk | Gleb Svyatoslavich of Smolensk
NO EVIDENCE	Q45419087	6000000074747743378	6000000074748427891			? | ?
NO EVIDENCE	Q45419706	6000000074747981248	6000000074748315105			? | ?
NO EVIDENCE	Q45420203	6000000075061502982	6000000075346406899			? | ?
NO EVIDENCE	Q45421949	6000000075060870891	6000000075060956830			? | ?
NO EVIDENCE	Q45422861	6000000074788367110	6000000074788721899			? | ?
NO EVIDENCE	Q557859	6000000009134071127	6000000177205638847			Witenes | ?
NO EVIDENCE	Q61139374	6000000013879333457	6000000025875082214			Johanna von Baden-Durlach | Johanna Margareta von Baden-Ho
NO EVIDENCE	Q6645502	6000000074759622191	6000000075329016910			? | ?
NO EVIDENCE	Q66534565	6000000018171165192	6000000024777532686			Michailas | Mikhail Romanovich of Slonim
NO EVIDENCE	Q66555044	6000000011456805386	6000000041749925420			Vasili Michailovich of Pinsk | Bazyli ??? Narimontovich
NO EVIDENCE	Q69756781	6000000000436954608	6000000119100397957			Jeanne de Joinville | NN de Joinville
NO EVIDENCE	Q703346	6000000002205507182	6000000003827963052			Marcus Livius Drusus Consul (1 | Marcus Livius Salinator Drusus
NO EVIDENCE	Q76154269	6000000039488647235	6000000039488819945			Rhys ab Bledri ap Bledri Baron | Rhys ap Bledri
NO EVIDENCE	Q778550	6000000007456333287	6000000038650093974			Tezozomoc of Tenochitlan | Tezozomoc of Ecatepec of Azcap
NO EVIDENCE	Q886894	6000000003645908672	6000000041073777758			Ptolemy Apion King of Cyrene | Ptolemy Apion
NO EVIDENCE	Q961910	6000000014163322246	6000000185833360841			Jean Toussaint Arrighi de Casa | Jean Toussaint ARRIGHI DE CASA
NO EVIDENCE	Q96985053	6000000003617703553	6000000006376446567			John Loomis | John Loomis
NO EVIDENCE	Q97929236	6000000022542965983	6000000028015703141			Anne Jeanne Malcy | Anne Jeanne Rouyer
